target,pred_minus_obs_H_b1,pred_minus_obs_H_b9,b3,pred_minus_obs_H_b2,pred_minus_obs_H_b6,pred_minus_obs_H_b5,b6,pred_minus_obs_H_b8,pred_minus_obs_H_b4,b2
0,1.9423422063074371,0.3318943083564018,-0.3865936036262636,0.28119817676109354,0.14079886202047986,0.040724454703451846,0.031220591237937013,0.3829824363482373,0.7888642771533169,-0.2822327427637153
1,-1.5799474517880567,0.342156516029362,-0.3865936036262636,0.5906924419128613,0.37971247601473035,0.6926449827506271,-0.23754797681039364,0.7908457519152502,-0.8534200156793242,-0.6195491395477131
3,0.966530576737542,0.4242541774130431,-0.8498040939016053,0.9402651011130592,0.9285680757312509,0.6950896847308041,-0.6854955902242781,0.34761217591966176,0.4751620569117116,-0.9006461368677111
3,0.36855321013710995,0.8491095750735931,-0.8498040939016053,0.8178033415206333,0.9377925395920325,1.013715842813861,-0.775085112907055,0.7477382470179236,-0.15290700691946849,-0.8444267374037115
0,0.6730064385629171,0.272373503853233,0.13451819793349581,-0.40013452206222233,-0.28813870750587645,-0.3724301799464455,0.47916820465182147,0.09117778781248834,0.17076456354167932,0.44861945026827976
1,-1.2239713693209588,-0.48087253934204155,-0.4444949149106813,0.7582423948097714,0.5817282345658529,0.6510850490876199,-0.23754797681039364,0.06354477185266362,-0.8427860421118122,-0.7319879384757123
3,0.9118851254816276,0.29905524380292936,-0.7919027826171876,0.7053611804403148,0.8889028811298889,0.7040535919914528,-0.5959060675415012,0.2304481882500049,0.9031794930040713,-0.6757685390117126
0,1.808851175382275,0.5545842148596369,-0.3286922923418459,0.17265252621326138,0.39262672541982496,-0.11410667070775217,-0.14795845412761677,0.3619813442187706,1.4109517308527715,-0.11357454437171643
3,1.260835364215822,0.6684947200294946,-0.8498040939016053,0.813906830988147,1.1250491559659044,0.8874062405047208,-0.775085112907055,0.30339935038394217,0.7961751339809814,-0.7882073379397119
2,1.1000216076627032,-2.139245299292401,0.7714326220620906,-0.8359870573389023,-1.8406159752754632,-2.4023477241533375,2.0021900902590284,-1.9735611647056148,1.0706645766923861,0.8983746459802767
0,2.537196975693244,1.1179794161051488,-0.6181988487639345,0.5305748508402157,0.5955649303570255,0.5427032612997769,-0.32713749949317056,0.6692604816920213,0.5309904181411498,-0.5071103406197138
2,-0.5885228361450431,-1.5440372542607126,1.4662483574751033,-1.465551830516329,-1.3305031237742262,-1.4163179254819847,1.5542424768451442,-1.534748871263598,-0.6221310905859374,1.5167880400842726
2,-0.06236520548095545,-0.717929536587421,0.4240247543555844,-0.5771474291094564,-0.5897786757534434,-1.026795409973798,0.7479367727001521,-0.7676563482188639,0.27976279260867776,0.6172776486602787
0,1.2569321176975428,0.5125091634005005,0.19241950921791354,-0.29659867077044394,-0.23186947795510715,-0.5223719013972955,0.47916820465182147,0.23818543271875586,0.7749071868459573,0.3361806513402805
3,0.13045517252205574,0.35447116523691413,-0.6761001600483522,0.7921977008785804,0.9045844696932179,0.6893853801103913,-0.6854955902242781,0.4979357827411081,0.923782816791126,-0.7319879384757123
2,1.6386696271852856,-2.344489452751604,0.19241950921791354,-0.08117730276013085,-0.0021803278216386765,-0.9159689202057775,0.2999891592862677,-2.801446322861963,2.461056620644586,0.16752245294828166
2,-0.46830284338203204,-2.4881603601730458,1.4662483574751033,-1.5100833794590294,-0.8978757687035572,-1.097691767398928,1.1958843861140365,-1.713810814683262,-0.7018858923422778,1.5167880400842726
0,0.07502907196248562,0.3873102297903866,0.5398273769244198,-0.9500991515045721,-0.5722521944179575,-1.514106004689061,0.7479367727001521,0.19286728654464327,0.7496514996231163,1.010813444908276
3,0.9571627850936706,0.8922108473000256,-0.8498040939016053,0.8923936859996563,1.1923877421496119,0.9411896840686128,-0.9542641582726088,0.5509911733839716,0.6320131670325143,-0.9006461368677111
1,-0.9671377484181625,-0.3608047095684079,-0.502396226195099,0.7582423948097714,0.3179085681474917,0.6502701484275608,0.031220591237937013,-0.056935177732172146,-1.0428376698506325,-0.6757685390117126
2,-1.0608156648568727,-1.9617091065501908,2.161064092888116,-2.4341130200200625,-2.123807015801466,-1.8311023614520001,2.270958658307359,-2.425637305808347,-1.3498936566125428,2.472517830972266
0,0.19446841542184087,0.4098870866708989,0.30822213178674895,-0.47750808835016423,-0.2604653159235311,-1.1188791845604609,0.38957868196904455,0.3465068552812687,0.7842119137175304,0.5048388497322794
3,0.4481794391100136,0.060972025790254014,-0.6181988487639345,0.6062784840428064,0.9451721106806582,0.6910151814305092,-0.5959060675415012,0.04364900036158981,0.7582916031467197,-0.6195491395477131
1,-0.7860271099699899,-0.435718825581017,-0.5602975374795167,0.7276269549116648,0.5605119676860548,0.8189545850597674,-0.23754797681039364,0.042543679723196816,-0.8839926896859215,-0.7319879384757123
0,0.6035286505375406,0.3791004636520185,0.4240247543555844,-0.7112987202993414,-0.49384425160131157,-0.863815277962004,0.6583472500173753,0.3067153122991211,0.322298686878726,0.7859358470522775
1,-1.0202219010667648,-0.09603975160603623,-0.3865936036262636,0.6023819735103201,0.6407648032748567,0.9200022669070798,-0.23754797681039364,0.123232086325885,-0.8527553923313549,-0.6195491395477131
2,-0.21381117039020356,-1.0442677405875536,2.161064092888116,-2.019412970491165,-1.0703732429001778,-1.1156195819202253,1.1958843861140365,-0.6770200558706387,-0.21338773158469326,2.0789820347242687
0,1.1156345937358216,0.29597658150104134,-0.09708704720417503,0.11865802312023713,0.15740289696988718,0.36098041410662696,0.031220591237937013,0.2337641501651839,-0.2771915729897655,-0.11357454437171643
0,0.983704861417972,0.7824052251993521,0.5398273769244198,-0.49810392973616324,0.403696082052763,-0.1426281938098162,-0.23754797681039364,0.5189368748705749,1.6561977462535178,0.561058249196279
0,1.3506100341362528,0.37499558058283444,-0.21288966977301046,0.10362862535207577,-0.2890611538919544,-0.03750600866220926,0.47916820465182147,0.10002035291963222,-0.3004533901686981,-0.11357454437171643
0,1.2491256246609828,0.5032731764948363,-0.15498835848859274,0.10362862535207577,-0.33333858042370773,0.2957883613019094,0.6583472500173753,0.1718661944151765,-0.7145137359536983,-0.11357454437171643
3,0.5379541090304438,0.4263066189476352,-0.8498040939016053,0.7387598421473399,0.9654659311743782,0.9257065715274926,-0.775085112907055,0.3829824363482373,0.5569107287119605,-0.7319879384757123
2,-0.46596089547106423,-2.6041233068774954,1.8136562251816095,-1.897507855260523,-1.5472780245026,-1.9810440829028502,1.733421522210698,-2.776023948178924,0.5097224710061257,1.9103238363322699
3,-0.5705679021609572,-0.0344665055682753,-0.5602975374795167,0.7198339338466923,0.677662658717984,0.7953224659180574,-0.4167270221759474,-0.010511710919666621,-0.3084288703443321,-0.7319879384757123
0,1.2623966628231336,0.7741954590609841,0.19241950921791354,-0.22033839320606954,0.21736191206496913,0.18577677219394845,-0.05836893144483987,0.5211475161473609,0.16544757675792332,0.2799612518762809
0,0.5449799527633468,0.20977403704817613,0.25032082050233123,-0.5225962816546484,0.08176229331147593,-0.9118944169054829,-0.05836893144483987,0.2713450518705455,1.4142748475926188,0.5048388497322794
0,0.16636504049022793,0.7711167967590961,2.5663732718790397,-1.953728935800682,-0.12394325078395924,-0.8124765363782888,0.21039963660349079,0.6349955419018387,1.4003177572852596,2.022762635260269
1,-1.2739329247549376,-0.1329836992286927,-0.5602975374795167,0.7098143353345847,0.706258496686408,0.7399092210340475,-0.32713749949317056,0.2647131280401875,-0.0013728835824218623,-0.6757685390117126
2,-0.12637844838074058,-4.919277357897305,1.6399522913283564,-1.615289163836159,-2.371022647270421,-2.209216267719362,2.53972722635569,-4.625225376210394,0.5409597683606924,1.6292268390122717
0,0.6714451399556056,0.5997379286206616,0.8293339333465084,-0.9217102890536005,0.06608070474814726,-0.832849052879763,-0.05836893144483987,0.36640262677234253,1.6249604488989513,0.8983746459802767
0,1.6972183249594794,0.2918716984318573,-0.27079098105742816,0.16541614951007252,-0.19128183696766718,0.3805380299480421,0.38957868196904455,0.22492158505803997,-1.0315390729351512,-0.16979394383571605
0,0.33654658868721765,0.4468310342935554,0.25032082050233123,-0.6389349532674532,-0.5298196606583608,-0.4930354776351727,0.5687577273345983,0.08675650525891637,-0.285831676513369,0.6172776486602787
3,0.01726102349194768,0.4786438780797319,-0.7340014713327698,0.7320801098059351,1.2338978295231302,0.9501535913292614,-1.2230327263209395,0.46367084295092553,0.5688739489754114,-0.7882073379397119
3,0.8837817505500146,0.6469440839162782,-0.8498040939016053,0.8055571655613907,1.1149022457190443,0.7439837243343425,-0.9542641582726088,0.40398352847770413,1.276697814562932,-0.7882073379397119
1,-1.296571754560959,-0.23971065902747818,-0.502396226195099,0.634667346493778,0.44336127665412495,0.7562072342352268,-0.23754797681039364,0.1807087595223204,-0.8600662491590194,-0.6757685390117126
0,0.15777789815001292,0.061998246557550006,0.30822213178674895,-0.5331725245285397,-0.5870113365952089,-1.1196940852205197,0.7479367727001521,-0.029302161772347433,0.35087749084141456,0.5048388497322794
0,0.7057937093164657,-0.13914102383246882,0.19241950921791354,-0.40069116642400615,-0.24201638820196714,0.02931584546262623,0.38957868196904455,-0.009406390281273632,-1.0541362667661143,0.39240005080428014
2,0.16168114466829228,-1.2597741017197166,1.2346431123374324,-1.1916828045187218,-1.3305031237742262,-1.166143422843881,1.2854739087968134,-0.9666140631296017,0.10297298204879006,1.1794716433002748
0,0.573863976998616,0.41193952820549096,0.48192606564000207,-0.6873630127426399,-0.14146973211944455,-0.9175987215258957,0.1208101139207139,0.2713450518705455,1.3989885105893205,0.6734970481242782
3,-0.489380374580742,-0.2489466459331423,-0.5602975374795167,0.7042478917167473,0.20537010904595315,0.590782400243256,-0.05836893144483987,0.31445255676787204,-0.8913035465135859,-0.7319879384757123
0,0.7385809800700143,0.8296113804949689,0.30822213178674895,-0.5237095703782159,-0.20604097914491784,-0.4074709083289812,0.2999891592862677,0.47914533188842734,1.2667284643433891,0.561058249196279
3,0.8182072090429174,0.6253934478030619,-0.502396226195099,0.5545105583969172,0.9793026269655511,0.5524820692204846,-0.9542641582726088,0.50235706529468,1.5066574929603798,-0.5633297400837134
3,0.2701913978764647,0.4293852812495232,-0.6761001600483522,0.7443262857651776,0.8898253275159669,0.7285006117932219,-0.775085112907055,0.38077179507145137,0.6911646450018,-0.7319879384757123
1,-1.8196067880104227,0.24056066006705654,-0.27079098105742816,0.8450789152480371,0.3169861217614137,0.1531807457915898,-0.14795845412761677,0.8461117838348996,0.564221585539625,-0.39467154169171453
1,-1.6267864100074116,-0.3341229696187115,-0.4444949149106813,0.6179680156402653,0.6103240725342768,0.804286373178706,-0.4167270221759474,0.2072364548437521,-0.5616503659207126,-0.6757685390117126
3,0.7932264313259281,0.46427678733758765,-0.7340014713327698,0.6580464096886955,0.9055069160792962,0.8271035916603572,-0.775085112907055,0.42830058252234987,0.7802241736297133,-0.6757685390117126
2,0.7635617577870036,-1.848824822147629,0.19241950921791354,-0.5415221899552961,1.1416531909153116,0.4351363741719932,-1.2230327263209395,-2.5759609126297933,2.9721519752331336,0.44861945026827976
0,1.619934043897543,0.9342858987591623,-0.27079098105742816,0.248356159415852,0.1094356848938219,-0.012244088200381035,-0.05836893144483987,0.6051518846652281,0.816778457768036,-0.22601334329971567
1,-0.7985174988284843,0.1861709594003678,-0.5602975374795167,0.6547065435179931,0.39816140373629366,0.860514518722775,-0.5063165448587243,0.38629839826341633,-0.7995855244937946,-0.7319879384757123
1,-1.3519978551205292,0.2939241399664493,-0.4444949149106813,0.5951455968071313,0.5116223092239108,0.726870810473104,-0.4167270221759474,0.37635051251787943,-0.531742315262085,-0.6195491395477131
0,0.8923688928902297,0.624367227035766,-0.15498835848859274,0.08024956215715807,0.1915334132547805,-0.09617885618645494,-0.14795845412761677,0.4935145001875362,0.9251120634870649,-0.057355144907716815
2,1.011027587045929,-0.5999141483483792,-0.09708704720417503,-0.21031879469396195,-0.3195018846325344,-0.43110302747069124,0.031220591237937013,-0.32000148966970343,-0.22402170515220526,0.11130305348428204
2,0.13982296416592654,-1.288508283204005,0.7714326220620906,-1.0063202320447315,-0.8923410903870879,-1.1433262043622303,0.9271158180657059,-0.7908680816251166,-0.07381682851109765,1.010813444908276
2,0.7104776051384014,-2.850416291028539,1.5820509800439386,-1.5317925095685958,-3.2132161977598037,-3.0281914310786258,3.166853885135128,-2.699756824129808,0.9197950767033088,1.5730074395482723
1,0.03209336026140991,0.19027584246955181,-0.7340014713327698,0.7170507120377737,0.4396714911098123,0.6250082279657329,-0.8646746355898318,0.2636078074017945,-1.6722359803777518,-0.8444267374037115
3,0.6089931956631319,0.417070632041971,-0.7919027826171876,0.6652827863918845,0.4931733815023469,0.6616787576683864,-0.8646746355898318,0.36419198549555654,0.14484425297086875,-0.7882073379397119
1,-1.0795512481446141,-0.10835440081358841,-0.4444949149106813,0.6174113712784814,0.7413114593573793,0.8156949824195316,-0.5959060675415012,0.31997915995983695,-0.7962624077539472,-0.6195491395477131
0,0.20695880428033528,0.4806963196143239,0.25032082050233123,-0.4741682221794617,-0.5630277305571755,-0.5011844842357626,0.5687577273345983,0.24150139463393475,0.12756404592366166,0.5048388497322794
0,0.4575472307538844,0.4550408004319236,0.6556299994932552,-0.8153912159529034,-0.5519583739242375,-1.4831397796068202,0.5687577273345983,0.42387929996877793,1.1072188608307088,0.8421552465162772
1,-0.7782206169334307,-0.1093806215808844,-0.502396226195099,0.5990421073396176,0.4618102043756889,0.8132502804393547,-0.32713749949317056,0.2514492803794716,-1.1804147028803198,-0.6757685390117126
2,0.44037294607345434,-1.1181556358328664,1.0030378671997615,-0.9879509681058675,-1.9706809157124876,-1.5092166007287071,1.8230110448934749,-1.1390440827189081,-0.09375552895018271,0.9545940454442764
2,-2.4050937657523597,-4.803314411192854,1.1188404897685968,-0.9384096199071132,-1.0085693350329399,0.01953703754191881,0.837526295382929,-5.858763208656969,-4.859104933891517,0.8421552465162772
2,-0.5252902425489137,-1.4075498922103424,1.4662483574751033,-1.9732114884631133,-2.116427444712841,-1.9052583215173662,2.0021900902590284,-0.7930787229019025,-0.9730522183138348,1.9665432357962696
3,0.2108620507986152,0.9435218856648264,-0.8498040939016053,0.7164940676759899,1.1370409589849206,0.9452641873689077,-1.1334432036381625,0.7344743993572077,0.3535359842332926,-0.7882073379397119
1,-1.3395074662620348,0.4047559828344189,-0.3865936036262636,0.4559845063611926,0.5688139851607582,0.7219814065127503,-0.5063165448587243,0.9345374349063388,-1.0295452028912426,-0.5071103406197138
3,0.3662112622261421,0.5638202017653011,-0.7340014713327698,0.8267096513091733,0.6379974641166221,0.8034714725186471,-0.5959060675415012,0.5487805321071856,0.14285038292696023,-0.7882073379397119
0,0.35294022406399195,0.47761765731243594,0.3661234430711667,-0.8576961874484688,-0.2097307646892305,-1.2883785218527264,0.031220591237937013,0.2901355027232263,1.2713808277791758,0.7297164475882779
2,0.014919075580979843,-0.6050452521848594,0.5977286882088375,-0.637265020182102,-1.1395567218560416,-1.4880291835671742,1.1062948634312597,-1.035143942709967,0.48513140713125413,0.6734970481242782
3,-1.3652688932826798,0.17180386865822359,-0.5602975374795167,0.6942282932046397,0.5005529525909722,0.7113876979319834,-0.5063165448587243,0.5874667544509403,-1.027551332847334,-0.6757685390117126
3,0.2873656825568947,0.36165471060798626,-0.6761001600483522,0.7220605112938274,0.2727086952296604,0.5614459764811331,-0.23754797681039364,0.3299270457053739,0.012584206724937692,-0.6757685390117126
0,0.49189580011474454,0.3503662821677301,0.13451819793349581,-0.2593034985309324,-0.49661159075954625,-0.18011362417252885,0.47916820465182147,0.1022309941964182,-1.1983595332754962,0.2799612518762809
0,0.6277287789508741,0.40167732053253086,0.13451819793349581,-0.35059317386346817,-0.6866355462916528,-0.5354103119582394,0.5687577273345983,0.18513004207589237,-0.45132289015777516,0.3361806513402805
2,0.13904231486227078,-3.6375276195445823,1.5241496687595208,-1.3881782642283873,-2.76767459328404,-2.696526862434626,2.7189062717212438,-3.094356292036105,0.2850797793924338,1.460568640620273
1,-1.176351761797948,0.7895887705704242,-0.15498835848859274,0.622977814896319,0.38709204710335565,0.21755789793624827,-0.5063165448587243,1.0859663623661782,0.4744974335637421,-0.3384521422277149
2,-2.785269976632791,-2.3137028297327236,2.508471960594622,-2.6333917015386468,-1.3535642834261807,-0.6763881261484408,1.2854739087968134,-1.7624449227725534,-3.1410535793903525,2.6973954288282647
1,-1.5924378406465511,0.2918716984318573,-0.502396226195099,0.5339147170109182,0.5752711098633055,0.7773946513967601,-0.5959060675415012,0.5764135480670103,-0.9358333108275427,-0.6195491395477131
0,0.5871350151607667,0.3123961137777776,0.13451819793349581,-0.46581855675270545,0.05408890172913061,-0.3422788555242633,-0.05836893144483987,0.4117207729464551,-0.06052436155170758,0.5048388497322794
0,0.6113351435740998,0.4611981250356997,0.13451819793349581,-0.2771161181080125,-0.500301376303859,-0.18255832615270529,0.47916820465182147,0.3343483282589459,-0.2027537580171812,0.3361806513402805
3,-0.6939104921385918,0.7074911091867431,-0.7340014713327698,0.6636128533065332,1.0208127143390695,0.9159277636067849,-1.1334432036381625,0.6305742593482668,-0.2406372888514428,-0.7882073379397119
2,-0.6993750372641833,-1.2926131662731892,1.2346431123374324,-1.2735095257009337,-1.8839709554211377,-1.813174546930703,1.8230110448934749,-0.7798148752411866,-0.2306679386319003,1.3481298416922738
2,-1.7196836771424657,-1.6168989287387299,3.550695563714141,-3.3464531289836366,-2.887592623474204,-2.6215560017092003,2.53972722635569,-1.9580866757681128,-1.4416116786323343,3.2033700240042613
1,-1.1537129319919264,0.34010407449477,-0.502396226195099,0.3580150986872517,0.5715813243189928,0.776579750736701,-1.0438536809553856,0.5410432876384348,-1.191713299795801,-0.5633297400837134
2,0.11718413435990503,-1.4547560475059593,1.1188404897685968,-1.28185919112769,-0.862822806032586,0.07006087846557468,0.837526295382929,-0.9290331614242402,-2.6738233657677926,1.3481298416922738
2,-3.369195655767416,-1.5224866181474963,7.661688664907799,-6.813790858534645,-1.0094917814190179,-0.5745255436410697,0.7479367727001521,-1.3037368578394632,-2.3135975111683216,6.688972790772238
0,0.20695880428033528,0.5484268902558609,0.19241950921791354,-0.6311419322024806,-0.1377799465751319,-0.5305209079978853,0.031220591237937013,0.3465068552812687,0.3927487617634932,0.561058249196279
3,-0.5533936174805272,0.6500227462181664,-0.7340014713327698,0.6268743254288054,1.0475636595353368,0.9835645183916791,-1.2230327263209395,0.5918880370045122,-0.1874674210138826,-0.7882073379397119
2,0.12655192600377582,-2.316781492034612,1.5241496687595208,-1.2534703286767184,-2.362720629795717,-2.151358320855175,2.270958658307359,-2.0951464349288433,0.062430957822650394,1.3481298416922738
1,-1.2840813657024646,0.12151905106071885,-0.4444949149106813,0.5461608929701609,0.765295065395412,0.8376973002411238,-0.775085112907055,0.3365589695357318,-0.7437571632643564,-0.6757685390117126
2,0.10469374550141008,-1.6774459540091944,1.8136562251816095,-1.5757674141495124,-2.725242059524443,-2.311078850226733,2.6293167490384666,-1.6331224080805737,-0.061853608247646616,1.6854462384762714
3,0.6160190393960354,0.8162705105201206,-0.27079098105742816,0.2377799165419607,0.9959066619149585,0.8010267705384702,-1.2230327263209395,0.5631497004062944,1.1590594819723299,-0.45089094115571415
0,-0.15135922609772992,0.343182736796658,0.4240247543555844,-0.6868063683808561,-0.3158120990882217,-0.3357596502437917,0.2999891592862677,0.4548282778437816,-0.7231538394773018,0.7297164475882779
2,0.021164270010227595,-1.4834902289902479,1.3504457349062677,-1.4466259222156814,-1.7880365312690065,-1.3217894489151445,1.733421522210698,-1.4164795629555482,-0.8806695729460738,1.5167880400842726
1,-0.794614252310205,0.20053805014251197,-0.4444949149106813,0.536697938819837,0.5789608954076182,0.7985820685582932,-0.775085112907055,0.4559335984821746,-0.889974299817647,-0.6757685390117126
1,-1.0210025503704205,-0.041650050939347434,-0.502396226195099,0.6079484171281577,0.736699227426988,0.6698277642689762,-0.6854955902242781,0.3089259535759071,-4.363688648285564e-05,-0.6757685390117126
1,-1.476901743705476,0.2600588546456808,-0.6761001600483522,0.5038559214745955,0.6914993545091568,0.9428194853887307,-0.9542641582726088,0.5288847606161119,-1.4755074693787789,-0.7319879384757123
1,-0.39726375674934394,0.23440333546328046,-0.5602975374795167,0.4559845063611926,0.8621519359336213,0.909408558326313,-1.0438536809553856,0.31334723612947907,-0.8361398086321173,-0.6757685390117126
1,-0.8469177556551515,0.10817818108587067,-0.6181988487639345,0.511648942539568,0.8713763997944033,0.8352525982609468,-1.0438536809553856,0.3022940297455492,-0.9969786588407369,-0.6757685390117126
0,1.537965867013672,1.1087434291994847,0.01871557536466039,0.04128445683229528,0.373255351312183,0.14095723589070508,-0.4167270221759474,0.7377903612723866,1.2035892462862867,-0.057355144907716815
3,1.170280044991736,0.5135353841677964,-0.8498040939016053,0.8311628062034433,0.5614344140721328,0.776579750736701,-0.5959060675415012,0.4117207729464551,0.6805306714342879,-0.7882073379397119
1,-1.035054237836227,-0.08064644009659597,-0.5602975374795167,0.7677053489600953,0.2625617849828004,0.598116506183787,-0.32713749949317056,0.24813331846429273,-1.2701388548562027,-0.7319879384757123
0,0.647245011542272,0.37602180135013047,0.30822213178674895,-0.32109102268892914,-0.9652143548872645,-0.3471682594846173,0.9271158180657059,0.3796664744330584,-0.759043500267655,0.44861945026827976
0,0.8150846118282938,-0.510632941593626,0.48192606564000207,-0.6244621998610755,-0.9799734970645159,-1.236224879608953,0.9271158180657059,-0.9986683616429983,1.0228116956385818,0.6734970481242782
0,0.3021980193263569,0.344208957563954,0.5398273769244198,-0.8760654513873327,-0.7373700975259527,-1.1082854759796947,0.5687577273345983,0.27687165506251044,0.36682845119268265,0.7859358470522775
0,0.13904231486227078,0.42322795664574714,0.4240247543555844,-0.6094328020929142,-0.6386683342155868,-0.36672587532603274,0.5687577273345983,0.19728856909821524,-0.9650767381382009,0.6734970481242782
1,-1.7423225069484871,0.46735544963947573,-0.4444949149106813,0.5394811606287558,0.41199809952746697,0.6869406781302146,-0.6854955902242781,0.5543071352991505,-1.2920714253391963,-0.6195491395477131
2,0.9891694065435634,-1.983259742663407,1.4083470461906855,-0.8888682717083591,-3.2879343550321374,-3.132498715566174,3.166853885135128,-2.953980570960195,0.27112268908507425,1.010813444908276
3,0.7104776051384014,0.3770480221174265,-0.907705405186023,0.8768076438697112,0.48856114957195623,0.7138323999121605,-0.5063165448587243,0.511199630401824,0.40138886528709683,-0.8444267374037115
1,-1.2247520186246146,0.128702596431791,-0.5602975374795167,0.5161020974338381,0.5236141122429269,0.886591339844662,-0.775085112907055,0.29124082336161927,-1.1804147028803198,-0.7319879384757123
3,-0.17790130242203134,0.5207189295388686,-0.6761001600483522,0.6162980825549139,0.7422339057434574,0.7977671678982344,-0.8646746355898318,0.5940986782812981,0.2358976516426906,-0.6195491395477131
3,0.692522671154315,0.9260761326207941,-0.8498040939016053,0.6430170119205342,1.2837099343713523,1.1351360411626477,-1.49180129436927,0.6681551610536284,0.6479641273837823,-0.8444267374037115
3,0.5301476159938846,0.6674684992621985,-0.7340014713327698,0.7883011903460941,0.8501601329146049,0.4669174999142927,-0.8646746355898318,0.48798789699557127,1.0832924203038066,-0.7882073379397119
3,0.2389654257302281,0.627445889337654,-0.907705405186023,0.4977328334949742,1.0060535721618185,1.0283840546949226,-1.3126222490037163,0.3708239093259145,-0.46793847385701276,-0.7319879384757123
2,0.33654658868721765,-0.2571564120715104,0.5398273769244198,-0.17859006607228795,-1.4642578497555634,-0.8581109733415913,1.3750634314795904,-0.1011480032678917,-1.0182466059757609,0.2799612518762809
3,-0.045190920800525385,-0.6194123429270036,-0.27079098105742816,0.5350280057344858,-0.11102900137886458,-0.537040113278357,0.1208101139207139,-0.24815564817415917,0.3807855415000422,-0.3384521422277149
1,-1.7501289999850465,0.28879303612996926,-0.502396226195099,0.5394811606287558,0.5494426110531162,0.7488731282946961,-0.775085112907055,0.6659445197768424,-0.3164043505199662,-0.6195491395477131
3,-0.08266208737600966,0.29084547766456126,-0.6761001600483522,0.9291322138773843,0.4765693465529396,0.6461956451272661,-0.4167270221759474,0.3962462840089532,-0.011342233801964427,-0.7319879384757123
1,-1.948413923113649,0.02710674046948553,-0.4444949149106813,0.7337500428912862,0.6831973370344534,0.459583393973762,-0.5063165448587243,0.5664656623214734,-0.37356195844534335,-0.45089094115571415
3,-0.4480059614869784,0.6613111746584225,-0.7340014713327698,0.6953415819282072,1.0346494101302421,0.778209552056819,-1.1334432036381625,0.522252836785754,-0.06451210163952463,-0.7319879384757123
1,-1.307500844812142,0.08765376573995037,-0.6181988487639345,0.5394811606287558,0.37602269047041764,0.8271035916603572,-0.775085112907055,0.24702799782589976,-1.6303647094556728,-0.7882073379397119
0,0.776052146645498,0.6613111746584225,0.19241950921791354,0.031821502681971446,-0.9061777861782612,0.07495028242592869,0.9271158180657059,0.4437750714598517,-2.2444766829794935,0.16752245294828166
3,0.42241801208936797,0.6069214739917337,-0.7340014713327698,1.1122682089042395,0.6841197834205314,0.8271035916603572,-0.4167270221759474,0.610678487857193,0.4100289688107003,-0.7882073379397119
3,1.0297631703336714,1.1631331298661736,-0.907705405186023,0.8884971754671701,1.102910442700028,1.0324585579952175,-1.1334432036381625,0.9234842285224087,1.0826277969558373,-0.9006461368677111
2,0.6815935809031322,-0.8985443916315194,0.713531310777673,-0.7703030226484193,-1.8535302246805578,-1.726795076964452,1.8230110448934749,-2.122779450888668,-0.5324069386100545,0.9545940454442764
3,-0.2450371425364401,0.6787569277024547,-0.7919027826171876,0.5700966005268624,0.9599312528579091,0.8800721345641901,-1.2230327263209395,0.6416274657321966,0.003944103201334165,-0.7882073379397119
1,-0.8758017798904202,0.29802902303563333,-0.3865936036262636,0.845635559609821,-0.2724571189425471,0.39194663918886774,0.5687577273345983,0.608467846580407,-0.8228473416727273,-0.5071103406197138
3,1.480978467846791,0.5268762541426446,-0.9656067164704407,0.8395124716301997,1.1056777818582624,0.7700605454562295,-1.2230327263209395,0.49019853827235726,1.1264929379218243,-0.9006461368677111
2,1.0297631703336714,-3.2352490787645443,1.9294588477504448,-1.3269473844321742,-2.7695194860561965,-2.413756333394163,2.6293167490384666,-3.0987775745896773,1.591729281500476,1.460568640620273
3,-0.020990792387192363,0.5320073579791247,-0.8498040939016053,0.7732717925779328,0.9433272179085018,1.0226797500745097,-1.0438536809553856,0.7289477961652427,0.21994669129142255,-0.7882073379397119
0,1.5559208009977583,0.6828618107716389,-0.21288966977301046,0.2834247542082286,-0.7604312571779074,0.10836120948834614,0.6583472500173753,0.3465068552812687,-1.3572045134402073,-0.16979394383571605
3,0.891588243586574,0.629498330872246,-0.7919027826171876,0.6174113712784814,1.362117877187998,1.065054584397576,-1.49180129436927,0.5730975861518315,1.2933133982621694,-0.7882073379397119
3,0.0695645268368942,0.44375237199166745,-0.6181988487639345,0.8200299189677682,0.4553530796731416,0.5500373672403076,-0.4167270221759474,0.4338271857143148,0.3801209181520727,-0.6757685390117126
1,-1.1646420222431093,0.11844038875883078,-0.5602975374795167,0.7877445459843105,0.2182843584510478,0.4220979636110497,-0.5063165448587243,0.311136594852693,-1.234913817413819,-0.7319879384757123
3,1.1093893993065744,0.8562931204446652,-0.7919027826171876,1.0009393365474886,0.6416872496609348,0.7138323999121605,-0.5959060675415012,0.7643180565938185,0.9038441163520408,-0.8444267374037115
1,-1.4651920041506372,0.34523517833125,-0.3286922923418459,0.7459962188505289,-0.0012578814355606739,0.40905955305010616,0.031220591237937013,0.4835666144419993,-1.070751850465352,-0.6195491395477131
3,1.2756677009852841,0.6941502392118949,-0.7919027826171876,0.7075877578874498,0.9377925395920325,0.6054506121243177,-0.9542641582726088,0.5233581574241469,1.4262380678560698,-0.7319879384757123
0,0.5114120327061424,0.6489965254508704,0.13451819793349581,-0.27210631885195874,-0.051069986283782634,0.27460094414037606,-0.05836893144483987,0.3829824363482373,-0.023970077413384944,0.22374185241228128
0,1.1008022569663594,0.6223147855011739,0.30822213178674895,-0.3311106212010368,-0.6017704787724595,-0.44251163671151683,0.5687577273345983,0.2713450518705455,0.14683812301477725,0.5048388497322794
3,0.5660574839620568,0.40372976206712285,-0.6761001600483522,0.8027739437524719,0.01165636796953398,0.2819350500809068,-0.05836893144483987,0.25034395974107865,0.4312969159457244,-0.6757685390117126
1,-1.2903265601317118,-0.1863471791280855,-0.502396226195099,0.8534285806747935,-0.15715132068277388,0.3014926659223222,0.21039963660349079,0.15970766739285364,-1.3452412931767563,-0.6757685390117126
0,1.6456954709181892,0.62334100626847,-0.15498835848859274,0.1364706426973173,-0.7696557210386894,0.04968836196410046,0.7479367727001521,0.5134102716786101,-0.8181949782369408,-0.0011357454437171963
3,0.19134581820721727,0.6777307069351587,-0.6181988487639345,0.6853219834160996,0.819719402174025,0.7586519362154038,-0.8646746355898318,0.6206263736027299,0.49177764061094914,-0.7319879384757123
1,-1.109996570987195,0.0517360388845899,-0.5602975374795167,0.622977814896319,0.4931733815023469,0.7431688236742833,-0.5063165448587243,0.507883668486645,-0.8886450531217079,-0.6757685390117126
3,-0.06626845199923537,0.5689513056017812,-0.8498040939016053,0.634110702131994,1.221906026504114,0.989268823012092,-1.3126222490037163,0.48909321763396424,0.556246105363991,-0.7882073379397119
0,0.8837817505500146,0.7157008753251112,-0.15498835848859274,0.11253493514061585,-0.5205951967975796,-0.6095662720236052,0.47916820465182147,0.3652973061339495,-0.2678868461181924,0.055083654020282424
2,0.08205491569538859,-0.5516817722854667,0.25032082050233123,-0.2247915481003396,-1.3369602484767735,-1.1009513700391638,1.2854739087968134,-0.6659668494867088,-0.527754575174268,0.39240005080428014
0,0.4848699563818416,0.6551538500546464,0.0766168866490781,-0.5120200387807571,0.11220302405205655,-0.1393685911695804,-0.23754797681039364,0.3785611537946654,0.8387110282510296,0.39240005080428014
3,0.40134048089065855,0.2610850754129769,-0.6761001600483522,0.8422956934391185,-0.022474148315358662,0.2884542553613787,0.031220591237937013,0.43051122379913587,0.331603413750299,-0.6757685390117126
2,-0.44956726009428993,-0.7322966273295652,-0.15498835848859274,0.23944984962731192,-0.8840390729123846,-0.6103811726836641,0.837526295382929,-0.08788415560717583,-0.47524933068467734,-0.057355144907716815
0,0.04926764494184053,0.3821791259539065,0.25032082050233123,-0.7151952308318277,0.1481784331091052,-0.4001368023884502,-0.23754797681039364,0.14644381973213777,0.05445547764701636,0.561058249196279
3,0.8845623998536705,1.1179794161051488,-0.7919027826171876,0.5879092201039425,1.2993915229346815,1.0780929949585196,-1.3126222490037163,0.7201052310580989,0.8965332595243763,-0.7319879384757123
2,-0.7306010094104198,-0.9262523523485118,1.6399522913283564,-2.1552341947664013,-2.3147534177196514,-3.2490295099546067,2.1813691356245823,-1.1677824193171258,0.12557017587975317,2.022762635260269
0,1.026640573119047,0.767011913689912,0.48192606564000207,-0.46860177856162416,0.48118157848333093,0.09776750090757992,-0.5959060675415012,0.27245037250893844,1.2308388035530362,0.3361806513402805
2,0.17885542934872234,-0.7353752896314532,1.0030378671997615,-1.5891268788323227,-1.3148215352108976,-1.857994083233946,1.1958843861140365,-1.042881187178718,0.9337521670106684,1.460568640620273
3,0.3435724324201206,0.765985692922616,-0.7919027826171876,0.6508100329855068,1.2274407048205829,1.0039370348931533,-1.3126222490037163,0.6051518846652281,0.6060928564617036,-0.7882073379397119
0,1.5387465163173284,0.4057822036017149,-0.3286922923418459,0.4236991333777349,-0.6709539577283234,-0.2787166040396642,0.6583472500173753,0.2525546010178647,0.2631472089094402,-0.16979394383571605
1,-1.2996943517755826,-0.0991184139079242,-0.3865936036262636,0.9257923477066816,-0.2715346725564691,0.13851253391052837,0.2999891592862677,0.34319089336608977,-0.9172238570843966,-0.6195491395477131
3,0.3248368491323784,0.7567497060169518,-0.7340014713327698,0.6558198322415606,1.2910895054599778,1.013715842813861,-1.2230327263209395,0.503462385933073,0.4299676692497854,-0.7882073379397119
3,0.7916651327186166,0.20053805014251197,-0.7340014713327698,1.0237617553806224,0.26901890968534775,0.13280822929011557,-0.23754797681039364,0.24150139463393475,0.7529746163629637,-0.7319879384757123
2,-0.5549549160878386,-1.1889648687762915,1.7557549138971917,-1.7889622047126905,-1.8858158481932943,-1.6990884545224474,1.733421522210698,-1.622069201696644,0.8932101427845287,1.741665637940271
0,1.093776413233456,0.8973419511365058,0.5398273769244198,-0.15131449234488395,-0.6063827107028508,-0.2094500479346517,0.5687577273345983,0.35977070294198454,-0.08843854216642676,0.2799612518762809
3,0.34825632824205627,0.7680381344572079,-0.6761001600483522,0.563973512547241,0.8907477739020452,0.6690128636089171,-0.9542641582726088,0.5952039989196911,0.8566558586462062,-0.6195491395477131
1,-1.7095352361949385,0.16359410251985546,-0.3865936036262636,0.49439296732427174,0.6933442472813134,0.7855436579973497,-0.5959060675415012,0.35977070294198454,-1.1285740817386984,-0.6195491395477131
1,-1.0319316406216035,0.22516734855761633,-0.502396226195099,0.511648942539568,0.5761935562493835,0.9305959754878462,-0.6854955902242781,0.35313877911162667,-0.16885796727073657,-0.6757685390117126
1,-1.0100734601192376,-0.05499092091419561,-0.6181988487639345,0.6034952622338875,0.5512875038252728,0.6828661748299197,-0.6854955902242781,0.35092813783484067,-0.8387983020239953,-0.7319879384757123
3,0.7534133168394765,0.2970028022683373,-0.6761001600483522,0.920782548450628,-0.12025346523964657,0.12791882532976157,0.1208101139207139,0.24371203591072077,0.6652443344309894,-0.6757685390117126
3,0.5793285221242075,0.8727126527214014,-0.502396226195099,0.355231876878333,1.3095384331815416,1.0707588890179889,-1.4022117716864932,0.4924091795491432,1.5830891779768728,-0.5071103406197138
1,-1.3012556503828947,-0.03241406403368332,-0.6181988487639345,0.8272662956709571,0.12696216622930723,0.33327379166462207,-0.14795845412761677,0.24371203591072077,-1.027551332847334,-0.7319879384757123
0,0.5262443694756053,0.22721979009220836,0.13451819793349581,-0.4708283560087592,0.12327238068499455,-0.4001368023884502,-0.23754797681039364,0.12875868951784994,1.0593659797769044,0.39240005080428014
1,-1.7977486075080573,0.4263066189476352,-0.3865936036262636,0.4699006154057865,0.5540548429835075,0.8336227969408289,-0.5063165448587243,0.7422116438259586,-0.9969786588407369,-0.6195491395477131
0,1.048498753621413,0.6808093692370467,-0.21288966977301046,0.12255453365272342,-0.17560024840433786,-0.05461892252344768,0.1208101139207139,0.35977070294198454,0.3535359842332926,-0.057355144907716815
3,0.021164270010227595,0.5443220071866768,-0.6761001600483522,0.5806728434007535,1.1711714752698137,0.9159277636067849,-1.1334432036381625,0.4924091795491432,0.30103073974370187,-0.7319879384757123
3,-0.301243892399666,0.45401457966462755,-0.6761001600483522,0.6597163427740469,0.8695315070222469,0.7496880289547552,-0.9542641582726088,0.4813559731652134,0.7051217353091594,-0.7319879384757123
1,-1.142003192437088,-0.022151856360723116,-0.5602975374795167,0.622977814896319,0.4654999899200016,0.5883376982630792,-0.5063165448587243,0.35424409975001964,-0.7284708262610579,-0.6757685390117126
3,0.21476529731689453,0.7208319791615913,-0.7919027826171876,0.6769723179893432,1.2302080439788177,0.6681979629488584,-1.2230327263209395,0.517831554232182,0.39208413841552375,-0.8444267374037115
1,-1.650205889117089,0.18103985556388769,-0.4444949149106813,0.46433417178794884,0.6850422298066094,0.8482910088218902,-0.5959060675415012,0.5532018146607576,-0.9079191302128234,-0.6195491395477131
3,0.9563821357900149,0.7105697714886312,-0.7340014713327698,1.0193086004863525,0.13895396924832387,0.2892691560214375,-0.14795845412761677,0.701314780205418,0.6386594005122092,-0.8444267374037115
0,-0.43161232611020406,0.7310941868345515,1.29254442362185,-1.357006179968497,0.5337610224897875,-0.24530567697724617,-0.6854955902242781,0.4758293699732483,1.0155008388109172,1.1794716433002748
2,0.8970527887121654,-0.8564693401723829,0.713531310777673,-0.8710556521312789,-1.6588940372180605,-2.0943152746510467,1.5542424768451442,-0.85497667865191,1.168364208843903,0.9545940454442764
1,-1.1771324111016037,0.1153617264569428,-0.6181988487639345,0.527791629031297,0.7413114593573793,0.8849615385245441,-0.9542641582726088,0.31997915995983695,0.0644248278665589,-0.7319879384757123
3,-0.4339542740211719,0.4601719042684036,-0.7340014713327698,0.5450476042465935,0.8787559708830286,0.9737857104709717,-1.0438536809553856,0.49130385891075024,0.23523302829472112,-0.7319879384757123
3,0.9329626566803376,0.5987117078533656,-0.7340014713327698,0.9586343650519233,-0.046457754353391965,-0.12062587598822379,0.031220591237937013,0.4669868048661045,0.7184142022685496,-0.7882073379397119
3,0.3459143803310884,0.7516186021804718,-0.907705405186023,0.8601083130161987,0.9682332703326129,0.9949731276325048,-1.0438536809553856,0.6825243293527372,0.5010823674825222,-0.9006461368677111
1,-1.242706952608701,0.15333189484689536,-0.5602975374795167,0.7565724617244202,0.1518682186534185,0.6535297510677969,-0.23754797681039364,0.34208557272769674,-0.7975916544498861,-0.6757685390117126
0,0.4934570987220566,0.7054386676521511,1.5241496687595208,-1.2774060362334199,0.790201117819523,0.24933902367854813,-0.8646746355898318,0.4935145001875362,1.6502161361217924,1.1232522438362753
0,-0.3785281734616018,0.42014929434385906,1.697853602612774,-1.7110319940629648,-0.010482345296342665,-0.39280269644791976,-0.05836893144483987,0.41282609358484806,0.6805306714342879,1.5730074395482723
1,-1.203674487425905,0.19848560860791994,-0.502396226195099,0.6892184939485859,0.3363574958690557,0.6502701484275608,-0.4167270221759474,0.4714080874196764,0.03916914064371779,-0.6195491395477131
1,-1.1716678659760122,0.483774981916212,-0.6181988487639345,0.5595203576529709,0.6213934291672147,0.8295482936405343,-0.9542641582726088,0.4271952618839569,-0.9830215685333775,-0.7882073379397119
1,-1.3067201955084862,0.14409590794123114,-0.502396226195099,0.6675093638390195,0.4369041519515776,0.6926449827506271,-0.5063165448587243,0.33103236634376687,-0.7218245927813628,-0.6757685390117126
