target,status_no checking account,duration,amount,age,present_residence,credit_history_critical account/other credits existing
1,0,-1.2364778603818776,-0.7451314133870967,2.7664564848025224,1.0469866784197936,1
0,0,2.2481943623946683,0.9498167893630399,-1.1914039404570154,-0.7659772668958666,0
1,1,-0.738667542842371,-0.4165624079606273,1.1833123146987072,0.1405047057619635,1
1,0,1.7503840448551617,1.634246939825297,0.8315024991200816,1.0469866784197936,0
0,0,0.2569530922366421,0.5666635047179338,1.5351221302773328,1.0469866784197936,0
1,1,1.2525737273156552,2.0500090146529657,-0.048022039826482336,1.0469866784197936,0
1,1,0.2569530922366421,-0.1546287563854807,1.5351221302773328,1.0469866784197936,0
1,0,1.2525737273156552,1.3031968307979807,-0.048022039826482336,-0.7659772668958666,0
1,1,-0.738667542842371,-0.07523344115837269,2.238741761434584,1.0469866784197936,0
0,0,0.7547634097761486,0.6956808919619843,-0.6636892170890771,-0.7659772668958666,1
0,0,-0.738667542842371,-0.7004715485718485,-0.9275465787730462,-1.6724592395536968,0
0,0,2.2481943623946683,0.3674663299070645,-1.0154990326677027,1.0469866784197936,0
1,0,-0.738667542842371,-0.6040629515103602,-1.1914039404570154,-1.6724592395536968,0
0,0,0.2569530922366421,-0.734498112240609,2.1507893075399274,1.0469866784197936,1
1,0,-0.4897623840726178,-0.6621916644444927,-0.6636892170890771,1.0469866784197936,0
0,0,0.2569530922366421,-0.7050793124019931,-0.3118794015104515,-0.7659772668958666,0
1,1,0.2569530922366421,-0.30030498209236195,1.5351221302773328,1.0469866784197936,1
1,0,0.7547634097761486,1.701591180419719,-0.9275465787730462,0.1405047057619635,0
0,0,0.2569530922366421,3.2990674559937188,0.7435500452254252,-0.7659772668958666,0
1,1,0.2569530922366421,0.056265049686524994,-0.3998318554051079,-0.7659772668958666,0
1,1,-0.9875727016121243,-0.4030935598417429,1.0953598608040507,1.0469866784197936,1
1,0,-1.2364778603818776,-0.22126411023680354,0.7435500452254252,0.1405047057619635,0
1,0,-0.9046043153555399,-0.3651681190859368,1.0953598608040507,0.1405047057619635,1
1,0,-0.738667542842371,-0.5200598724531074,0.7435500452254252,1.0469866784197936,1
1,1,-0.9046043153555399,-0.4261323789924662,-0.8395941248783899,-1.6724592395536968,1
1,0,-1.2364778603818776,-0.6724705222194308,0.03993041406817406,-0.7659772668958666,0
1,1,-1.2364778603818776,-1.0084828384484417,0.3037877757521432,1.0469866784197936,0
1,0,-0.738667542842371,-1.0145083757647846,0.5676451374361124,0.1405047057619635,0
1,0,-1.1535094741252931,-0.3034949724363083,-0.13597449372113873,-0.7659772668958666,0
0,0,3.2438149974736814,1.2634991731844265,2.4146466692238966,1.0469866784197936,0
1,0,-0.2408572253028645,-0.48142554495420214,0.03993041406817406,0.1405047057619635,0
1,0,0.2569530922366421,0.26538663890078273,-0.7516416709837335,-0.7659772668958666,0
1,0,-0.2408572253028645,0.9196891027813249,-0.4877843092997643,-0.7659772668958666,0
1,1,-0.738667542842371,-0.7114592930898858,1.8869319458559584,1.0469866784197936,1
1,0,-0.738667542842371,-0.637026185064472,-0.22392694761579512,-1.6724592395536968,0
0,0,1.999289203624915,0.5227125266457847,-0.9275465787730462,-0.7659772668958666,1
1,1,2.2481943623946683,1.0061732854394247,-0.3998318554051079,0.1405047057619635,1
0,0,-0.2408572253028645,-0.41514463447442895,0.12788286796283044,-0.7659772668958666,0
1,0,-0.9046043153555399,-0.7252825845803197,0.12788286796283044,-0.7659772668958666,0
1,0,-0.9875727016121243,-0.9971406505588548,-1.0154990326677027,0.1405047057619635,0
1,1,0.7547634097761486,-0.3325593289033746,-0.4877843092997643,-0.7659772668958666,0
1,0,-0.738667542842371,-0.7490302904741422,-0.8395941248783899,-1.6724592395536968,0
1,0,-0.2408572253028645,1.039490962365086,0.7435500452254252,1.0469866784197936,0
1,0,0.7547634097761486,1.033465425048743,-1.0154990326677027,1.0469866784197936,1
0,0,2.2481943623946683,1.0178699167005612,1.9748843997506147,1.0469866784197936,1
1,1,-0.8216359290989554,-0.6657360981599887,-0.048022039826482336,1.0469866784197936,1
1,1,1.2525737273156552,-0.34461040353606065,0.3037877757521432,1.0469866784197936,0
1,0,-1.2364778603818776,-0.6802682763935218,-1.103451486562359,-0.7659772668958666,0
1,1,-0.8216359290989554,1.4024409748318656,0.3037877757521432,1.0469866784197936,1
1,1,-0.738667542842371,-0.4247146055062679,-0.6636892170890771,-0.7659772668958666,0
1,0,0.2569530922366421,-0.3325593289033746,-0.5757367631944207,-0.7659772668958666,0
1,0,0.5058582510063954,0.9547789965647342,-0.4877843092997643,-0.7659772668958666,0
1,1,-0.738667542842371,-0.7121681798329849,-0.9275465787730462,-0.7659772668958666,0
1,1,-0.2408572253028645,0.03783399436594634,-0.3998318554051079,-1.6724592395536968,0
0,0,1.2525737273156552,-0.37083921303073025,1.8869319458559584,1.0469866784197936,0
1,1,-1.2364778603818776,-0.8819465548052382,-0.8395941248783899,-0.7659772668958666,0
0,0,-0.738667542842371,1.1330640124541778,1.4471696763826765,-1.6724592395536968,0
1,1,1.2525737273156552,2.231129577514806,-0.3998318554051079,-0.7659772668958666,1
1,0,-0.2408572253028645,-0.46441226311982187,-1.103451486562359,-0.7659772668958666,0
0,0,1.2525737273156552,1.0483520466538259,-1.103451486562359,1.0469866784197936,1
1,0,-0.9875727016121243,-0.6664449849030879,-0.7516416709837335,-1.6724592395536968,0
1,0,-0.4897623840726178,-0.6146962526568478,1.2712647685933636,1.0469866784197936,1
0,0,1.2525737273156552,-0.4672478100922186,2.238741761434584,1.0469866784197936,0
0,0,2.2481943623946683,3.9519521463880625,-0.9275465787730462,-0.7659772668958666,0
1,1,0.2569530922366421,-0.03199134982932277,-0.8395941248783899,1.0469866784197936,0
1,1,0.5058582510063954,0.6800853836138023,1.0953598608040507,1.0469866784197936,0
1,1,-0.738667542842371,-0.3899791550944081,-0.5757367631944207,-0.7659772668958666,0
1,0,-0.738667542842371,-0.8025512395781302,-1.1914039404570154,-1.6724592395536968,0
0,1,1.2525737273156552,-0.5147432218798635,0.12788286796283044,1.0469866784197936,0
1,1,1.2525737273156552,-0.31093828323884964,-0.9275465787730462,1.0469866784197936,0
1,1,1.2525737273156552,1.723212226084244,-0.4877843092997643,-0.7659772668958666,0
1,1,-1.1535094741252931,-0.9007320534973665,0.919454953014738,-0.7659772668958666,1
1,0,-1.0705410878687087,-0.7469036302448446,1.35921722248802,1.0469866784197936,1
1,0,1.7503840448551617,0.9508801194776887,0.479692683541456,-1.6724592395536968,1
0,0,1.2525737273156552,-0.45874116917502844,0.3917402296467996,1.0469866784197936,0
1,0,-0.738667542842371,-0.6185951297438933,2.678504030907866,1.0469866784197936,1
0,0,1.7503840448551617,0.24589225346555532,-0.13597449372113873,0.1405047057619635,0
1,0,-0.8216359290989554,0.5315736109345244,1.35921722248802,1.0469866784197936,0
1,1,2.746004679934175,2.185051939213359,0.3037877757521432,-0.7659772668958666,0
1,0,0.7547634097761486,0.19875128504945994,-1.1914039404570154,-1.6724592395536968,0
0,1,0.2569530922366421,0.9469812423906432,0.7435500452254252,-1.6724592395536968,0
1,1,-0.4897623840726178,-0.7295359050389147,1.0074074069093943,0.1405047057619635,0
1,1,-0.2408572253028645,-0.6037085081388105,-1.0154990326677027,1.0469866784197936,0
1,0,0.2569530922366421,-0.5374275976590372,1.9748843997506147,1.0469866784197936,0
1,0,-0.9046043153555399,-0.3389393095912672,1.4471696763826765,1.0469866784197936,0
1,1,-0.738667542842371,-0.6590016741005464,-0.5757367631944207,-0.7659772668958666,1
1,0,-0.2408572253028645,-0.7004715485718485,-0.7516416709837335,-1.6724592395536968,1
0,0,1.2525737273156552,3.310764087254855,1.0074074069093943,1.0469866784197936,0
1,0,-0.2408572253028645,-0.36233257211354014,-0.4877843092997643,0.1405047057619635,0
0,0,-0.738667542842371,-0.7667524590516217,-0.6636892170890771,0.1405047057619635,0
1,1,-0.738667542842371,-0.9404297111109204,1.798979491961302,1.0469866784197936,1
1,0,-0.738667542842371,-0.6600650042151952,1.6230745841719891,0.1405047057619635,1
0,1,-0.738667542842371,-0.8769843476035439,-0.22392694761579512,0.1405047057619635,1
1,0,0.2569530922366421,0.12254596016629822,-1.3673088482463283,1.0469866784197936,1
1,0,-0.738667542842371,-0.6923193510262079,1.6230745841719891,1.0469866784197936,0
0,0,2.746004679934175,4.492123844629637,1.9748843997506147,1.0469866784197936,0
1,1,-0.738667542842371,-0.4463356511707928,2.238741761434584,-0.7659772668958666,1
1,0,-0.2408572253028645,-0.23012519452554325,-0.13597449372113873,1.0469866784197936,0
1,0,1.2525737273156552,-0.33114155541717627,0.03993041406817406,1.0469866784197936,1
1,0,-0.07492045278969563,1.3418311582968858,0.03993041406817406,1.0469866784197936,0
1,1,0.2569530922366421,-0.6387984019222199,0.479692683541456,1.0469866784197936,0
1,0,1.2525737273156552,-0.3361037626188705,-1.0154990326677027,1.0469866784197936,0
1,1,-1.2364778603818776,-0.8291344924443494,-1.0154990326677027,-0.7659772668958666,0
1,0,-0.9875727016121243,-0.4792988847249046,-0.048022039826482336,0.1405047057619635,1
1,1,-0.738667542842371,-0.2928616712898206,-0.8395941248783899,1.0469866784197936,0
0,0,0.2569530922366421,3.071869254830432,0.3037877757521432,0.1405047057619635,1
0,1,-0.2408572253028645,1.1295195787386818,0.3037877757521432,1.0469866784197936,0
1,0,-0.738667542842371,0.9948310975498378,-0.3118794015104515,-0.7659772668958666,0
1,0,0.2569530922366421,1.5771815570058132,-0.4877843092997643,-0.7659772668958666,0
1,0,-0.5727307703292022,-0.6597105608436457,-0.048022039826482336,-0.7659772668958666,0
1,0,-1.2364778603818776,-0.6458872693532116,-0.3998318554051079,-0.7659772668958666,0
1,0,-0.4897623840726178,-1.0205339130811277,-1.103451486562359,1.0469866784197936,0
1,0,-0.2408572253028645,1.0593397911718632,-0.6636892170890771,0.1405047057619635,0
0,1,1.2525737273156552,1.6246769687934581,-0.9275465787730462,-0.7659772668958666,1
1,0,-0.738667542842371,-0.5640108505252565,-0.048022039826482336,-1.6724592395536968,0
1,1,2.2481943623946683,0.10872266867586422,1.0074074069093943,-1.6724592395536968,1
0,0,1.7503840448551617,1.3833010327681878,-0.4877843092997643,0.1405047057619635,0
1,0,-0.9046043153555399,-0.4038024465848421,-0.7516416709837335,0.1405047057619635,1
0,0,1.003668568545902,0.3578963588752256,-1.103451486562359,1.0469866784197936,1
1,0,-0.738667542842371,-0.3208626976422382,0.03993041406817406,0.1405047057619635,1
0,0,0.008047933466888799,-0.5090721279350702,-0.9275465787730462,-0.7659772668958666,0
1,1,0.2569530922366421,0.21151124642524516,0.479692683541456,-0.7659772668958666,1
1,1,-0.738667542842371,-0.5328198338288926,-1.0154990326677027,-0.7659772668958666,0
1,0,-0.9046043153555399,-0.8826554415483374,2.4146466692238966,1.0469866784197936,1
0,0,-0.2408572253028645,-0.4775266678671567,-0.7516416709837335,0.1405047057619635,0
1,0,-0.738667542842371,-0.40770132367188755,-0.4877843092997643,-0.7659772668958666,1
1,0,-0.738667542842371,-0.9110109112723046,0.3917402296467996,-0.7659772668958666,0
0,0,-0.738667542842371,-0.9329864003083791,-0.4877843092997643,-0.7659772668958666,0
1,0,-0.738667542842371,-0.5002110436463304,-0.13597449372113873,-0.7659772668958666,1
0,0,-0.738667542842371,0.08072164232344667,-0.5757367631944207,-0.7659772668958666,1
1,0,2.2481943623946683,1.8486851796127988,-1.0154990326677027,-0.7659772668958666,0
0,0,1.2525737273156552,1.2815757851334557,-0.5757367631944207,0.1405047057619635,0
1,1,-0.4897623840726178,-0.19964306457227857,-0.7516416709837335,0.1405047057619635,0
1,1,-0.2408572253028645,-0.4562600655741813,1.0074074069093943,1.0469866784197936,0
1,1,3.2438149974736814,2.4359978462704683,-1.279356394351672,1.0469866784197936,0
1,1,-0.738667542842371,-0.7199659340070759,0.21583532185748686,-0.7659772668958666,1
1,1,0.5058582510063954,1.893345044428047,-0.7516416709837335,-0.7659772668958666,0
0,0,-0.738667542842371,-0.8879720921215812,2.678504030907866,0.1405047057619635,0
1,0,-0.4897623840726178,-0.1925541971412868,-0.048022039826482336,-0.7659772668958666,1
1,0,-0.738667542842371,-0.49276773284378905,0.7435500452254252,-0.7659772668958666,0
1,0,-1.2364778603818776,-0.9081753642999079,-0.7516416709837335,-0.7659772668958666,0
1,0,1.2525737273156552,0.5400802518517146,-0.4877843092997643,-1.6724592395536968,0
1,0,0.5058582510063954,0.05130284248483074,-0.7516416709837335,-0.7659772668958666,0
0,0,-0.2408572253028645,-0.28683613397347757,-1.1914039404570154,-0.7659772668958666,0
1,1,0.008047933466888799,-0.34850928062310615,-1.103451486562359,1.0469866784197936,1
1,0,2.2481943623946683,0.10446934821726915,-0.4877843092997643,-0.7659772668958666,0
1,0,-1.2364778603818776,-0.8546544151959198,0.3037877757521432,1.0469866784197936,1
1,1,-0.738667542842371,-0.9177453353317467,1.35921722248802,0.1405047057619635,1
1,0,1.2525737273156552,0.744239633864278,-0.6636892170890771,-0.7659772668958666,1
1,1,-0.2408572253028645,-0.5987463009371162,0.919454953014738,1.0469866784197936,1
1,1,-1.2364778603818776,-0.6823949366228194,0.5676451374361124,1.0469866784197936,0
1,1,-0.9046043153555399,-0.4775266678671567,0.21583532185748686,1.0469866784197936,0
1,0,1.2525737273156552,0.9133091220934322,-1.0154990326677027,-1.6724592395536968,0
1,0,0.2569530922366421,1.590295961753148,-0.5757367631944207,1.0469866784197936,1
1,0,0.2569530922366421,1.309931254857423,0.03993041406817406,1.0469866784197936,0
0,0,-0.738667542842371,-0.7050793124019931,-1.3673088482463283,1.0469866784197936,0
1,0,-0.9875727016121243,-0.7029526521726955,1.0953598608040507,1.0469866784197936,1
1,0,-0.738667542842371,-1.0393194117732558,0.8315024991200816,-1.6724592395536968,0
1,0,0.2569530922366421,0.08532940615359133,0.21583532185748686,0.1405047057619635,0
1,1,-1.2364778603818776,-0.486742195527446,-0.13597449372113873,-0.7659772668958666,1
1,1,0.2569530922366421,-0.1415143516381459,0.03993041406817406,1.0469866784197936,1
1,1,-0.2408572253028645,-0.7855379577437499,-0.4877843092997643,-1.6724592395536968,1
1,1,-0.4897623840726178,-0.7121681798329849,0.03993041406817406,0.1405047057619635,0
1,0,-0.9046043153555399,1.4307964445558328,3.0303138464864916,1.0469866784197936,0
1,1,1.2525737273156552,-0.83728668998999,0.03993041406817406,1.0469866784197936,0
1,1,-1.2364778603818776,-0.10394335425388943,-0.3118794015104515,-0.7659772668958666,0
0,0,-0.2408572253028645,-0.7586002615059811,-0.22392694761579512,-0.7659772668958666,0
1,0,-0.8216359290989554,-0.6005185177948642,-1.3673088482463283,-1.6724592395536968,0
1,1,0.2569530922366421,0.24837335706640246,-0.9275465787730462,1.0469866784197936,0
0,0,0.2569530922366421,-0.4736277907801112,-0.3998318554051079,1.0469866784197936,1
0,0,-0.4897623840726178,-0.8227545117564568,-0.22392694761579512,0.1405047057619635,0
1,1,-0.738667542842371,-0.88903542223623,-0.8395941248783899,-1.6724592395536968,0
0,0,0.2569530922366421,-0.4279045958502142,-0.13597449372113873,-0.7659772668958666,0
1,0,-1.0705410878687087,-0.6582927873574473,-0.22392694761579512,-0.7659772668958666,0
0,0,0.008047933466888799,0.05059395574173156,-0.8395941248783899,-1.6724592395536968,0
0,1,0.7547634097761486,1.49353292132011,1.5351221302773328,-1.6724592395536968,0
1,0,-0.738667542842371,-0.2460751462452748,0.5676451374361124,-1.6724592395536968,0
1,0,-1.2364778603818776,-1.0396738551448055,1.4471696763826765,1.0469866784197936,1
1,1,-0.738667542842371,-0.4637033763767227,-0.3998318554051079,-0.7659772668958666,0
1,0,0.008047933466888799,-0.9570885495737512,2.5905515770132093,1.0469866784197936,1
0,1,1.2525737273156552,2.2332562377441034,-0.6636892170890771,-1.6724592395536968,0
0,0,1.2525737273156552,0.41956950552485417,-0.4877843092997643,-0.7659772668958666,0
0,0,0.008047933466888799,-0.575707481786393,0.3917402296467996,-0.7659772668958666,0
1,1,0.2569530922366421,0.17925689961423252,1.2712647685933636,1.0469866784197936,1
0,0,-0.2408572253028645,-0.8461477742787297,0.03993041406817406,1.0469866784197936,1
1,1,-0.4897623840726178,-0.6774327294211251,-0.3998318554051079,-0.7659772668958666,1
0,0,-0.9875727016121243,0.6584643379492774,3.382123662065117,1.0469866784197936,0
1,0,-0.4067939978160333,-0.7430047531577991,2.8544089386971785,0.1405047057619635,1
0,0,-0.738667542842371,-0.9205808823041435,-1.3673088482463283,-1.6724592395536968,0
1,0,-0.2408572253028645,-0.009661417421698642,-0.22392694761579512,1.0469866784197936,0
0,1,0.2569530922366421,0.4677738040555983,1.6230745841719891,0.1405047057619635,0
0,0,2.2481943623946683,0.20300460550805502,-0.13597449372113873,1.0469866784197936,0
0,0,0.5058582510063954,0.22817008488807586,0.03993041406817406,-0.7659772668958666,0
1,1,-1.2364778603818776,-0.4123090875020322,-0.5757367631944207,-0.7659772668958666,0
0,0,1.999289203624915,-0.08515785556176118,-1.279356394351672,1.0469866784197936,0
0,0,-0.9875727016121243,-0.627456214032633,-0.13597449372113873,0.1405047057619635,1
1,1,-1.2364778603818776,-0.6696349752470342,-0.6636892170890771,-1.6724592395536968,1
0,0,-0.738667542842371,-0.8224000683849072,-0.7516416709837335,1.0469866784197936,0
1,0,0.2569530922366421,-0.18121200925169992,0.03993041406817406,1.0469866784197936,0
0,0,-0.2408572253028645,0.363567452820019,0.3917402296467996,0.1405047057619635,0
1,1,-0.9875727016121243,-0.827716718958151,1.4471696763826765,-0.7659772668958666,1
1,0,-0.738667542842371,-0.7454858567586463,-0.7516416709837335,0.1405047057619635,0
1,1,0.5058582510063954,0.6542110174906823,-0.8395941248783899,1.0469866784197936,0
0,0,-0.738667542842371,-0.8397677935908371,-1.279356394351672,1.0469866784197936,0
1,1,-0.738667542842371,-0.6295828742619306,0.21583532185748686,-1.6724592395536968,1
1,0,0.7547634097761486,2.6057762212427216,0.21583532185748686,1.0469866784197936,1
1,1,-0.738667542842371,-0.4736277907801112,0.6555975913307688,1.0469866784197936,1
1,0,-0.738667542842371,-0.6547483536419514,-0.8395941248783899,0.1405047057619635,1
1,0,0.2569530922366421,1.1685083496091366,-1.279356394351672,-0.7659772668958666,0
1,1,-0.738667542842371,-0.6586472307289969,1.7110270380666455,-0.7659772668958666,0
1,1,-0.9875727016121243,-0.06991679058512884,-0.22392694761579512,-0.7659772668958666,1
1,1,1.2525737273156552,0.1998146151641087,0.8315024991200816,1.0469866784197936,0
0,0,0.5058582510063954,0.7165930508834101,1.2712647685933636,1.0469866784197936,0
0,0,0.7547634097761486,-0.4831977618119501,2.678504030907866,1.0469866784197936,0
1,1,1.2525737273156552,0.025074032990161123,1.35921722248802,-0.7659772668958666,1
1,0,-1.2364778603818776,-0.8291344924443494,0.3037877757521432,0.1405047057619635,1
1,0,-0.2408572253028645,-0.05928348943864116,-0.3998318554051079,-1.6724592395536968,0
1,0,1.2525737273156552,0.22746119814497667,-1.103451486562359,-0.7659772668958666,0
1,0,0.2569530922366421,-0.08870228927725708,-1.0154990326677027,-0.7659772668958666,0
1,1,-0.9046043153555399,-0.6760149559349268,2.502599123118553,1.0469866784197936,0
1,0,-0.738667542842371,-0.9379486075100734,-0.8395941248783899,-1.6724592395536968,0
1,0,-0.738667542842371,-0.7341436688690595,-1.103451486562359,1.0469866784197936,0
1,1,-0.738667542842371,-0.908884251043007,-0.4877843092997643,-0.7659772668958666,0
1,1,0.2569530922366421,-0.10394335425388943,-0.3118794015104515,1.0469866784197936,0
1,1,-0.4897623840726178,0.49116706657787124,-0.4877843092997643,-0.7659772668958666,0
1,1,1.2525737273156552,-0.23331518486948957,-0.7516416709837335,-0.7659772668958666,0
0,0,2.2481943623946683,2.725578080826483,-0.7516416709837335,-0.7659772668958666,0
0,0,-0.738667542842371,1.628221402508954,1.5351221302773328,1.0469866784197936,0
0,1,-0.9875727016121243,-0.6356084115782735,-1.1914039404570154,-0.7659772668958666,0
1,0,0.2569530922366421,-0.04333353771890964,-1.1914039404570154,-1.6724592395536968,0
0,0,1.2525737273156552,0.33273087949520475,-0.8395941248783899,-0.7659772668958666,0
1,1,-0.9875727016121243,-0.27088618225374606,1.35921722248802,1.0469866784197936,0
1,1,-0.738667542842371,-0.40061245624089575,-0.048022039826482336,-1.6724592395536968,0
1,0,-0.2408572253028645,-0.8525277549666223,-0.9275465787730462,-0.7659772668958666,0
1,1,-1.4024146328950464,-0.6122151490560007,0.5676451374361124,-1.6724592395536968,1
0,0,0.2569530922366421,-0.5133254483936652,-0.4877843092997643,-0.7659772668958666,0
0,0,-1.2364778603818776,3.9994475581757074,-1.103451486562359,-0.7659772668958666,0
0,0,0.008047933466888799,-0.1787309056508528,2.238741761434584,-0.7659772668958666,0
1,1,-0.738667542842371,-0.7018893220580468,-0.048022039826482336,-0.7659772668958666,1
1,0,0.7547634097761486,-0.2655695316805022,0.3037877757521432,0.1405047057619635,0
0,0,0.2569530922366421,-0.8351600297606924,-0.5757367631944207,-0.7659772668958666,0
1,1,-1.2364778603818776,-0.5941385371069716,1.35921722248802,-0.7659772668958666,0
0,0,2.2481943623946683,0.4727360112572926,-1.0154990326677027,1.0469866784197936,0
1,1,-0.738667542842371,-0.7394603194423033,-0.7516416709837335,-0.7659772668958666,1
1,1,-0.738667542842371,0.06229058700286801,-0.048022039826482336,0.1405047057619635,0
1,1,0.2569530922366421,-0.7135859533191833,-0.9275465787730462,-1.6724592395536968,0
1,1,-0.738667542842371,-0.9053398173275111,1.4471696763826765,1.0469866784197936,1
1,1,-1.2364778603818776,-0.732725895382861,-0.048022039826482336,-1.6724592395536968,0
1,0,0.2569530922366421,-0.4771722244956071,-0.8395941248783899,-0.7659772668958666,0
0,1,-0.2408572253028645,-1.0060017348475945,-1.1914039404570154,1.0469866784197936,0
1,0,-1.2364778603818776,-0.9234164292765402,0.3037877757521432,1.0469866784197936,1
1,0,-0.738667542842371,-0.36162368537044093,0.919454953014738,-0.7659772668958666,0
0,0,0.7547634097761486,-0.39742246589694946,-1.0154990326677027,-0.7659772668958666,0
1,1,0.2569530922366421,0.31181872057377896,-0.048022039826482336,0.1405047057619635,0
1,0,-0.9875727016121243,-0.4399556704829002,-1.0154990326677027,-1.6724592395536968,0
1,0,3.2438149974736814,1.4697852154262876,-0.7516416709837335,-1.6724592395536968,0
1,1,0.2569530922366421,-0.20814970548946873,-0.048022039826482336,-0.7659772668958666,1
0,0,-0.738667542842371,-0.39777690926849907,-0.5757367631944207,-1.6724592395536968,0
1,1,-0.4897623840726178,0.19166241761846814,-1.103451486562359,1.0469866784197936,0
1,1,-0.8216359290989554,-0.7504480639603406,1.8869319458559584,1.0469866784197936,1
1,0,-0.738667542842371,-0.572163048070897,-0.7516416709837335,-0.7659772668958666,0
1,0,0.2569530922366421,-0.5913029901345749,1.7110270380666455,1.0469866784197936,0
1,0,-0.2408572253028645,0.7197830412273564,0.03993041406817406,1.0469866784197936,1
1,1,-0.738667542842371,-0.185465329710295,1.8869319458559584,1.0469866784197936,1
1,1,-0.9046043153555399,-0.7231559243510222,-0.3118794015104515,1.0469866784197936,1
0,0,-0.4897623840726178,-0.8752121307457961,0.12788286796283044,0.1405047057619635,0
1,1,1.2525737273156552,1.074935299520045,0.03993041406817406,1.0469866784197936,1
1,1,0.2569530922366421,-0.6161140261430461,0.21583532185748686,0.1405047057619635,0
0,0,-0.5727307703292022,2.0227168750436473,0.8315024991200816,1.0469866784197936,0
1,1,0.2569530922366421,-0.8053867865505269,-0.9275465787730462,-0.7659772668958666,0
1,1,-0.2408572253028645,-0.2159474596635597,-0.3118794015104515,0.1405047057619635,0
1,1,-0.738667542842371,-0.6625461078160424,0.12788286796283044,1.0469866784197936,1
1,0,2.2481943623946683,3.153745673658387,0.03993041406817406,1.0469866784197936,0
0,0,2.2481943623946683,-0.0748789977868231,-0.6636892170890771,1.0469866784197936,0
0,0,0.7547634097761486,3.093135857123407,-0.13597449372113873,-1.6724592395536968,0
1,1,-0.9875727016121243,-0.20354194165932407,-0.3118794015104515,-0.7659772668958666,0
1,1,-0.2408572253028645,-0.30739384952335375,-0.8395941248783899,-0.7659772668958666,1
1,0,-0.738667542842371,-0.7121681798329849,1.1833123146987072,1.0469866784197936,0
0,1,-1.2364778603818776,0.4748626714865901,-0.3118794015104515,1.0469866784197936,0
1,1,0.2569530922366421,-0.48567886541279726,-0.5757367631944207,1.0469866784197936,0
1,1,-0.4897623840726178,0.03428956065045045,-1.103451486562359,1.0469866784197936,1
1,1,-0.738667542842371,-0.601581847909513,1.2712647685933636,-0.7659772668958666,0
1,0,-0.2408572253028645,-0.64730504283941,1.1833123146987072,1.0469866784197936,0
1,1,-0.4897623840726178,-0.6207217899731908,2.4146466692238966,1.0469866784197936,1
1,0,0.2569530922366421,0.21505568014074106,0.12788286796283044,-0.7659772668958666,1
1,0,2.165225976138084,2.6408661150261312,-0.048022039826482336,-1.6724592395536968,0
1,0,2.2481943623946683,0.5375991482508674,-0.8395941248783899,0.1405047057619635,0
1,0,2.2481943623946683,1.5279139283604204,-0.3998318554051079,1.0469866784197936,0
1,0,-0.738667542842371,-0.7724235529964151,1.1833123146987072,1.0469866784197936,0
0,0,0.2569530922366421,-0.7965257022617872,1.0953598608040507,1.0469866784197936,0
1,1,-0.738667542842371,-0.7780946469412086,-0.8395941248783899,-0.7659772668958666,0
0,0,1.2525737273156552,2.1715830910944747,-0.6636892170890771,1.0469866784197936,0
1,0,0.2569530922366421,1.1156962872482479,0.7435500452254252,1.0469866784197936,1
1,0,1.7503840448551617,0.5404346952232641,1.798979491961302,1.0469866784197936,1
1,1,2.2481943623946683,1.544572766823251,0.919454953014738,-0.7659772668958666,1
0,0,2.2481943623946683,2.370780265905344,-0.8395941248783899,-0.7659772668958666,0
1,1,-0.738667542842371,0.4975470472657638,-1.3673088482463283,1.0469866784197936,0
1,1,-0.9046043153555399,-0.7033070955442452,0.8315024991200816,-0.7659772668958666,0
1,1,-0.2408572253028645,-0.2680506352813493,0.6555975913307688,1.0469866784197936,0
1,0,0.008047933466888799,-0.18652865982494377,-0.3118794015104515,-0.7659772668958666,1
1,1,-1.2364778603818776,-0.9212897690472427,1.6230745841719891,1.0469866784197936,0
0,0,1.2525737273156552,0.18882687064607143,0.5676451374361124,-1.6724592395536968,0
0,0,0.2569530922366421,-0.6831038233659186,0.12788286796283044,-0.7659772668958666,1
1,0,-0.9046043153555399,-0.7915634950600929,1.1833123146987072,0.1405047057619635,1
0,1,2.2481943623946683,2.429972308954125,0.7435500452254252,-0.7659772668958666,1
1,1,-1.2364778603818776,-0.6125695924275503,-0.22392694761579512,-0.7659772668958666,0
1,1,0.7547634097761486,0.545751345796508,-1.0154990326677027,1.0469866784197936,0
0,0,-0.738667542842371,-0.9017953836120153,-0.22392694761579512,0.1405047057619635,0
0,0,-1.0705410878687087,-0.7210292641217246,-1.0154990326677027,1.0469866784197936,0
1,0,-0.9875727016121243,-1.06164934418088,-1.1914039404570154,1.0469866784197936,0
1,0,2.2481943623946683,0.747784067579774,0.3917402296467996,1.0469866784197936,0
1,1,0.2569530922366421,0.7938617058812206,-0.9275465787730462,-1.6724592395536968,0
1,0,0.2569530922366421,0.169332485210844,-0.8395941248783899,1.0469866784197936,0
0,0,-0.738667542842371,-0.916682005217098,-0.9275465787730462,0.1405047057619635,0
1,0,-1.4024146328950464,-0.6299373176334802,-0.5757367631944207,-0.7659772668958666,0
0,0,1.2525737273156552,-0.1861742164533942,-0.3998318554051079,1.0469866784197936,0
1,0,-0.738667542842371,-0.9085298076714574,0.21583532185748686,0.1405047057619635,0
1,0,0.2569530922366421,0.38270739488369687,1.0953598608040507,1.0469866784197936,0
1,1,-0.738667542842371,-0.9110109112723046,-0.3118794015104515,-0.7659772668958666,1
1,0,-0.4897623840726178,0.13176148782658753,-0.7516416709837335,1.0469866784197936,0
0,0,0.7547634097761486,0.34655417098563873,-0.6636892170890771,-0.7659772668958666,1
0,0,0.2569530922366421,-0.4725644606654624,-0.3118794015104515,0.1405047057619635,0
1,0,0.2569530922366421,-0.1280455035192615,-0.13597449372113873,-1.6724592395536968,0
1,0,-0.2408572253028645,-0.21701078977820845,-0.6636892170890771,-0.7659772668958666,0
1,1,-0.2408572253028645,-0.7951079287755888,0.03993041406817406,0.1405047057619635,1
1,0,-1.0705410878687087,0.04492286179693813,0.3037877757521432,1.0469866784197936,1
1,1,-0.738667542842371,0.8966502836306015,1.1833123146987072,1.0469866784197936,1
1,1,0.2569530922366421,-0.6189495731154429,-0.13597449372113873,0.1405047057619635,0
1,0,1.2525737273156552,0.42594948621274675,-0.3998318554051079,-0.7659772668958666,0
1,0,-1.2364778603818776,-0.7809301939136052,-0.6636892170890771,1.0469866784197936,0
1,0,0.2569530922366421,1.1851671880719674,3.4700761159597735,1.0469866784197936,1
0,1,-0.2408572253028645,-0.49879327016013203,-0.4877843092997643,-0.7659772668958666,1
0,0,3.2438149974736814,1.4662407817107916,-1.0154990326677027,-0.7659772668958666,0
0,1,2.2481943623946683,2.9485229615311748,-1.0154990326677027,1.0469866784197936,1
0,0,0.2569530922366421,0.2972865423402458,-1.103451486562359,1.0469866784197936,0
0,0,-1.2364778603818776,0.03996065459524388,0.7435500452254252,1.0469866784197936,1
1,0,-0.6556991565857866,-0.41479019110287935,-1.103451486562359,1.0469866784197936,0
0,0,-0.4897623840726178,-0.7075604160028403,-1.0154990326677027,-0.7659772668958666,0
1,0,0.2569530922366421,0.3181987012616716,-0.6636892170890771,1.0469866784197936,0
1,0,-0.9046043153555399,-0.6203673466016413,-0.3998318554051079,-0.7659772668958666,0
1,0,0.2569530922366421,0.8760925680807253,-1.0154990326677027,1.0469866784197936,1
1,0,0.008047933466888799,0.11616597947840561,-0.8395941248783899,1.0469866784197936,0
1,0,-0.2408572253028645,-0.020649161939735913,-0.9275465787730462,0.1405047057619635,0
1,0,-0.2408572253028645,0.41389841158006074,-0.22392694761579512,-1.6724592395536968,0
1,0,-0.9046043153555399,0.2402211595207619,0.12788286796283044,-1.6724592395536968,0
1,1,-0.4897623840726178,-0.6423428356377158,0.6555975913307688,-0.7659772668958666,1
1,0,-0.6556991565857866,-0.8468566610218289,-1.103451486562359,1.0469866784197936,1
1,0,0.2569530922366421,0.17252247555479033,-1.103451486562359,1.0469866784197936,0
1,1,-1.2364778603818776,-0.5416809181176324,-0.13597449372113873,-0.7659772668958666,0
0,0,-0.9875727016121243,-0.7568280446482332,-0.3118794015104515,0.1405047057619635,1
1,1,-0.9875727016121243,-0.7213837074932742,-1.103451486562359,1.0469866784197936,0
0,0,-0.9875727016121243,-0.8195645214125105,-0.5757367631944207,-0.7659772668958666,0
1,1,-0.2408572253028645,-0.014978067994942484,0.21583532185748686,1.0469866784197936,1
0,0,-0.738667542842371,1.037718745507338,-0.6636892170890771,-0.7659772668958666,0
1,1,-0.9046043153555399,-0.9017953836120153,0.919454953014738,1.0469866784197936,0
0,0,0.2569530922366421,-0.7178392737777783,-1.103451486562359,-0.7659772668958666,0
1,1,-0.738667542842371,-0.3332682156464738,1.1833123146987072,1.0469866784197936,1
0,1,1.2525737273156552,0.42240505249725085,-0.8395941248783899,-0.7659772668958666,0
1,1,-0.738667542842371,-0.8844276584060854,-0.6636892170890771,-0.7659772668958666,0
0,0,0.7547634097761486,-0.3066849627802546,-1.103451486562359,1.0469866784197936,0
1,0,-0.2408572253028645,-0.7203203773786254,2.238741761434584,1.0469866784197936,0
1,0,-0.738667542842371,0.04527730516848772,0.12788286796283044,0.1405047057619635,0
1,0,-0.738667542842371,-0.3630414588566393,0.03993041406817406,-0.7659772668958666,0
1,1,-1.2364778603818776,-0.5335287205719919,-1.279356394351672,-0.7659772668958666,0
0,0,-0.2408572253028645,-0.28293725688643206,-0.9275465787730462,-1.6724592395536968,0
1,1,-0.738667542842371,-0.6129240357990998,0.03993041406817406,1.0469866784197936,0
1,1,-0.2408572253028645,0.20513126573735255,-0.7516416709837335,-1.6724592395536968,1
1,0,-0.2408572253028645,0.13424259142743467,-1.1914039404570154,1.0469866784197936,0
0,0,1.2525737273156552,0.06193614363131842,0.5676451374361124,-0.7659772668958666,0
1,0,-0.2408572253028645,-0.09579115670824888,0.3917402296467996,1.0469866784197936,0
1,1,1.2525737273156552,-0.06814457372738089,0.03993041406817406,1.0469866784197936,0
1,1,-0.2408572253028645,0.991995550577441,-0.22392694761579512,1.0469866784197936,1
1,1,-0.9046043153555399,-0.39884023938314783,-1.103451486562359,0.1405047057619635,1
1,1,3.2438149974736814,3.7162473043075854,2.4146466692238966,1.0469866784197936,1
0,0,3.2438149974736814,4.0799062035174645,2.1507893075399274,1.0469866784197936,0
0,0,2.2481943623946683,1.564421595630028,0.12788286796283044,1.0469866784197936,0
1,1,-0.2408572253028645,-0.33716709273351925,-0.13597449372113873,0.1405047057619635,0
1,1,-1.1535094741252931,-0.859616622397614,0.03993041406817406,1.0469866784197936,0
0,0,1.2525737273156552,3.9154444791184546,1.8869319458559584,-0.7659772668958666,0
1,1,-1.2364778603818776,-1.0311672142276154,1.4471696763826765,1.0469866784197936,1
1,0,-0.07492045278969563,-0.3754469768608749,0.3037877757521432,1.0469866784197936,0
0,0,-0.2408572253028645,3.4397814744989055,0.21583532185748686,1.0469866784197936,0
1,1,0.09101631972347322,-0.7047248690304435,-0.9275465787730462,1.0469866784197936,0
1,0,-0.738667542842371,-0.6880660305676128,-0.8395941248783899,-1.6724592395536968,0
1,1,0.7547634097761486,0.3547063685312793,-0.8395941248783899,-0.7659772668958666,0
1,1,-0.2408572253028645,-0.3662314492005856,-0.9275465787730462,-1.6724592395536968,1
1,1,-0.2408572253028645,-0.760372478363729,-1.279356394351672,-0.7659772668958666,0
1,0,-0.2408572253028645,1.4541897070781058,0.3917402296467996,1.0469866784197936,1
1,0,-0.4897623840726178,-0.3350404325042217,-0.7516416709837335,1.0469866784197936,1
1,1,-0.9875727016121243,-0.6458872693532116,-0.7516416709837335,-0.7659772668958666,0
1,1,-0.2408572253028645,-0.514388778508314,-0.4877843092997643,-0.7659772668958666,0
1,0,-0.738667542842371,-0.8110578804953203,-1.4552613021409846,1.0469866784197936,0
1,0,1.2525737273156552,-0.007889200563950694,0.3037877757521432,1.0469866784197936,0
1,0,-1.2364778603818776,-0.46583003660602024,-0.3998318554051079,1.0469866784197936,1
1,1,-0.9875727016121243,-0.3066849627802546,-0.3998318554051079,0.1405047057619635,1
1,0,1.5014788860854085,3.008778334694605,-0.3118794015104515,0.1405047057619635,0
1,0,-0.738667542842371,-0.2457207028737252,1.7110270380666455,1.0469866784197936,0
1,0,1.2525737273156552,-0.32724267833013077,0.919454953014738,-0.7659772668958666,1
0,0,-0.738667542842371,-0.7259914713234189,0.919454953014738,-1.6724592395536968,0
1,1,0.2569530922366421,-0.6221395634593891,0.6555975913307688,-1.6724592395536968,1
1,1,-0.2408572253028645,-0.6373806284360215,0.3037877757521432,1.0469866784197936,0
1,0,-0.2408572253028645,-0.49064107261449147,-0.6636892170890771,1.0469866784197936,1
0,1,0.2569530922366421,1.9057505624322826,-0.7516416709837335,-0.7659772668958666,0
1,1,-0.5727307703292022,-0.8752121307457961,-0.7516416709837335,-0.7659772668958666,0
1,0,-0.2408572253028645,-0.131944380606307,0.6555975913307688,1.0469866784197936,0
0,0,0.2569530922366421,-0.4367656801389539,-1.1914039404570154,-1.6724592395536968,0
1,1,0.2569530922366421,-0.3807636274341188,0.6555975913307688,1.0469866784197936,1
1,0,-0.4897623840726178,-0.7862468444868491,-0.7516416709837335,-0.7659772668958666,0
1,1,0.2569530922366421,-0.012851407765644947,-0.8395941248783899,-0.7659772668958666,0
0,0,-0.738667542842371,-0.8266533888435023,-0.6636892170890771,-0.7659772668958666,1
1,0,0.2569530922366421,-0.46228560289052434,-1.3673088482463283,1.0469866784197936,0
1,1,1.003668568545902,1.4113020591206054,-0.048022039826482336,-0.7659772668958666,1
0,1,-0.738667542842371,-0.3470915071369078,0.5676451374361124,-0.7659772668958666,1
1,1,-0.9046043153555399,-0.5934296503638724,0.3917402296467996,-0.7659772668958666,0
0,0,0.2569530922366421,-0.6699894186185837,-0.048022039826482336,-0.7659772668958666,0
1,1,1.2525737273156552,0.9111824618641347,-0.048022039826482336,-0.7659772668958666,1
0,0,-0.738667542842371,-0.2453662595021756,-0.22392694761579512,-1.6724592395536968,0
1,0,-0.2408572253028645,1.8430140856680053,-1.103451486562359,-0.7659772668958666,0
1,1,0.008047933466888799,-0.17341425507760896,-0.3998318554051079,-0.7659772668958666,0
0,0,-0.2408572253028645,-0.7901457215738945,-0.22392694761579512,-0.7659772668958666,0
1,1,-0.4897623840726178,-0.030219132971574827,-1.3673088482463283,0.1405047057619635,0
1,0,-0.738667542842371,-0.4406645572259994,-0.4877843092997643,-0.7659772668958666,0
1,0,-0.738667542842371,-0.8199189647840601,1.0074074069093943,0.1405047057619635,1
1,1,0.008047933466888799,-0.5955563105931699,-0.13597449372113873,0.1405047057619635,0
0,0,-0.738667542842371,-0.18050312250860073,-0.9275465787730462,-0.7659772668958666,0
1,0,-0.2408572253028645,-0.17447758519225773,-1.279356394351672,0.1405047057619635,0
1,1,0.5888266372629798,-0.18723754656804295,-0.5757367631944207,-0.7659772668958666,1
1,1,-0.2408572253028645,-0.7522202808180884,0.919454953014738,0.1405047057619635,1
1,1,-0.9875727016121243,-0.6940915678839559,-1.3673088482463283,1.0469866784197936,0
0,0,-0.2408572253028645,-0.7376881025845553,1.7110270380666455,1.0469866784197936,1
1,1,-1.319446246638462,0.0626450303744176,3.382123662065117,1.0469866784197936,0
0,0,0.2569530922366421,2.8556587981851824,-0.5757367631944207,0.1405047057619635,0
1,0,-1.2364778603818776,-0.49595772318773534,0.03993041406817406,1.0469866784197936,1
1,1,0.2569530922366421,-0.4300312560795117,-0.22392694761579512,-0.7659772668958666,1
1,0,-0.9875727016121243,-0.40238467309864373,-0.9275465787730462,-0.7659772668958666,0
0,0,-0.738667542842371,-0.633481751348976,-0.9275465787730462,-1.6724592395536968,0
1,1,-1.2364778603818776,-0.9255430895058377,-1.103451486562359,1.0469866784197936,0
1,1,0.2569530922366421,-0.7033070955442452,0.12788286796283044,1.0469866784197936,1
1,0,1.7503840448551617,0.04350508831073977,2.5905515770132093,1.0469866784197936,1
0,0,-0.738667542842371,-0.9436197014548667,-0.8395941248783899,-1.6724592395536968,0
1,1,-0.738667542842371,-0.4917044027291403,0.3037877757521432,1.0469866784197936,0
1,0,-0.738667542842371,-0.5852774528182318,-0.4877843092997643,0.1405047057619635,0
1,0,-0.07492045278969563,-0.22764409092469615,-0.5757367631944207,0.1405047057619635,0
0,1,-0.738667542842371,-0.9046309305844119,0.479692683541456,1.0469866784197936,0
0,0,2.2481943623946683,0.646767706688141,-0.4877843092997643,0.1405047057619635,1
1,1,-0.9875727016121243,-0.7185481605208774,0.479692683541456,1.0469866784197936,1
0,0,1.2525737273156552,-0.506591024334223,-0.13597449372113873,1.0469866784197936,0
1,0,-1.1535094741252931,-0.24642958961682437,-0.048022039826482336,-0.7659772668958666,0
1,0,-0.738667542842371,-0.6547483536419514,1.7110270380666455,1.0469866784197936,0
0,0,-0.4897623840726178,-0.6235573369455876,2.238741761434584,0.1405047057619635,0
1,1,1.2525737273156552,2.7585413143805946,-0.4877843092997643,-0.7659772668958666,1
1,1,-1.2364778603818776,-0.9758740482658794,-0.5757367631944207,-1.6724592395536968,0
1,1,-0.738667542842371,-0.18156645262324952,-0.13597449372113873,1.0469866784197936,0
1,1,0.2569530922366421,-0.21311191269116297,-0.048022039826482336,1.0469866784197936,0
0,0,0.2569530922366421,0.5478780060258055,-0.3998318554051079,0.1405047057619635,0
1,1,0.2569530922366421,-0.20992192234721666,-0.5757367631944207,-1.6724592395536968,0
1,0,-0.8216359290989554,0.22462565117257996,0.03993041406817406,-0.7659772668958666,1
0,0,-0.738667542842371,0.04066954133834306,-0.048022039826482336,1.0469866784197936,0
1,0,-1.2364778603818776,-1.0379016382870576,-0.7516416709837335,-1.6724592395536968,0
1,1,-0.2408572253028645,0.4688371341702471,-0.3118794015104515,-0.7659772668958666,0
1,0,1.2525737273156552,0.12360929028094698,0.12788286796283044,-0.7659772668958666,0
1,0,-0.4897623840726178,-0.5494786722917233,0.03993041406817406,0.1405047057619635,0
1,0,-0.738667542842371,-0.09012006276345544,-0.13597449372113873,-1.6724592395536968,0
1,0,-0.738667542842371,-0.8922254125801763,0.21583532185748686,1.0469866784197936,0
1,1,-0.2408572253028645,-0.46831114020686737,-0.13597449372113873,-1.6724592395536968,0
1,0,0.2569530922366421,-0.12308329631756726,2.4146466692238966,1.0469866784197936,0
0,0,0.2569530922366421,-0.5714541613277979,-0.5757367631944207,-0.7659772668958666,0
1,1,2.2481943623946683,1.4059854085473615,-0.3118794015104515,0.1405047057619635,0
1,1,1.003668568545902,-0.17979423576550158,-0.8395941248783899,-0.7659772668958666,0
1,1,0.2569530922366421,0.4989648207519622,-0.048022039826482336,0.1405047057619635,0
0,0,0.2569530922366421,-0.06353680989723623,-1.1914039404570154,-0.7659772668958666,0
0,0,-1.2364778603818776,-1.0006850842743507,-1.103451486562359,1.0469866784197936,0
0,0,-0.9875727016121243,-0.9276697497351353,-0.6636892170890771,0.1405047057619635,0
1,1,-1.2364778603818776,-0.7206748207501751,0.03993041406817406,1.0469866784197936,0
0,0,-0.2408572253028645,-0.7181937171493279,-0.22392694761579512,-0.7659772668958666,1
0,0,-0.2408572253028645,-0.05573905572314527,-0.8395941248783899,1.0469866784197936,0
1,1,1.5014788860854085,-0.2489106932176715,-1.0154990326677027,1.0469866784197936,0
1,0,0.2569530922366421,0.666616535494918,-0.9275465787730462,-0.7659772668958666,0
1,0,-0.738667542842371,-0.7919179384316425,0.3037877757521432,1.0469866784197936,0
1,0,-0.4897623840726178,-0.6356084115782735,0.7435500452254252,1.0469866784197936,1
1,0,-0.738667542842371,0.10695045181811628,-1.103451486562359,-1.6724592395536968,1
1,0,0.2569530922366421,-0.7337892254975098,-0.8395941248783899,-1.6724592395536968,0
1,0,0.7547634097761486,0.12431817702404616,1.8869319458559584,1.0469866784197936,0
1,1,-0.4897623840726178,-0.8192100780409609,-0.4877843092997643,-0.7659772668958666,0
1,1,-0.738667542842371,-0.7472580736163943,0.7435500452254252,1.0469866784197936,1
0,0,-1.2364778603818776,-0.7309536785251132,1.0074074069093943,1.0469866784197936,0
1,1,-0.738667542842371,-0.06885346047048008,1.4471696763826765,1.0469866784197936,0
1,1,0.2569530922366421,0.17216803218324073,2.3266942153292405,1.0469866784197936,0
1,1,-0.9046043153555399,-0.6568750138712489,-0.048022039826482336,-0.7659772668958666,0
1,1,-1.2364778603818776,0.08745606638288886,-0.8395941248783899,0.1405047057619635,0
1,1,-0.738667542842371,-0.4739822341516608,-0.8395941248783899,-0.7659772668958666,1
0,0,0.5058582510063954,1.788784249820918,0.5676451374361124,1.0469866784197936,0
1,1,-1.2364778603818776,-0.7210292641217246,-0.7516416709837335,-1.6724592395536968,1
1,0,-1.2364778603818776,-1.0290405539983178,0.21583532185748686,1.0469866784197936,0
1,0,-0.738667542842371,-0.407346880300338,0.3037877757521432,-0.7659772668958666,1
0,0,0.2569530922366421,-0.09756337356599681,-1.3673088482463283,1.0469866784197936,0
0,0,1.2525737273156552,2.0425657038504244,-0.5757367631944207,-1.6724592395536968,0
1,1,0.2569530922366421,-0.5976829708224675,0.3917402296467996,0.1405047057619635,1
1,0,-0.2408572253028645,-0.6983448883425509,-0.3118794015104515,-0.7659772668958666,0
1,0,-1.2364778603818776,-0.6905471341684599,-0.6636892170890771,1.0469866784197936,1
0,0,0.2569530922366421,-0.05254906537919896,-0.7516416709837335,-1.6724592395536968,0
1,0,1.2525737273156552,0.7874817251933279,0.5676451374361124,1.0469866784197936,0
1,0,-0.9875727016121243,-0.760372478363729,1.1833123146987072,1.0469866784197936,0
0,0,0.2569530922366421,-0.728472574924266,0.21583532185748686,1.0469866784197936,1
0,0,0.2569530922366421,-0.7316625652682123,-1.0154990326677027,1.0469866784197936,0
0,1,-0.9046043153555399,-0.6955093413701542,-0.7516416709837335,1.0469866784197936,0
1,0,-0.4897623840726178,-0.3229893578715357,0.03993041406817406,-0.7659772668958666,1
0,0,-0.4897623840726178,1.2684613803861209,-0.13597449372113873,-0.7659772668958666,0
1,1,0.2569530922366421,-0.6586472307289969,-0.6636892170890771,-0.7659772668958666,0
1,1,1.5014788860854085,1.8844839601393073,0.8315024991200816,-0.7659772668958666,0
0,0,-0.738667542842371,-0.8904531957224283,-0.8395941248783899,-0.7659772668958666,0
1,1,1.2525737273156552,0.5014459243528093,-0.3118794015104515,-0.7659772668958666,0
1,0,-0.4897623840726178,-0.20708637537481994,-0.8395941248783899,1.0469866784197936,0
1,0,-0.738667542842371,-0.952126342372057,-1.3673088482463283,1.0469866784197936,0
1,1,0.2569530922366421,-0.36020591188424256,1.6230745841719891,-1.6724592395536968,0
1,0,-1.2364778603818776,-0.9436197014548667,0.12788286796283044,0.1405047057619635,1
1,0,-1.2364778603818776,-0.6770782860495755,0.3917402296467996,1.0469866784197936,1
0,1,1.2525737273156552,1.366642194305357,-1.103451486562359,1.0469866784197936,1
1,0,-1.2364778603818776,-0.7330803387544107,0.6555975913307688,-0.7659772668958666,0
1,1,-1.2364778603818776,-0.9113653546438542,0.03993041406817406,1.0469866784197936,1
1,1,0.2569530922366421,0.7924439323950222,0.7435500452254252,1.0469866784197936,1
0,0,-0.2408572253028645,-0.02880135948537647,-1.0154990326677027,-0.7659772668958666,0
0,0,2.2481943623946683,1.3638066473329604,1.5351221302773328,1.0469866784197936,0
1,1,0.2569530922366421,0.07682276523640118,-1.103451486562359,1.0469866784197936,0
1,0,-0.2408572253028645,-0.7649802421938737,-0.8395941248783899,1.0469866784197936,0
1,0,0.42288986474981094,1.6640201830354626,-0.4877843092997643,0.1405047057619635,0
1,1,-0.4897623840726178,-0.6164684695145958,-0.3998318554051079,0.1405047057619635,1
1,1,-1.4024146328950464,-0.6267473272895339,0.5676451374361124,-1.6724592395536968,1
0,0,1.2525737273156552,-0.3435470734214119,-0.3998318554051079,1.0469866784197936,0
1,0,-1.2364778603818776,-0.9248342027627385,0.479692683541456,1.0469866784197936,0
1,0,1.2525737273156552,-0.35382593119635,-0.3118794015104515,-1.6724592395536968,0
0,0,-0.4897623840726178,-0.22693520418159696,-0.6636892170890771,1.0469866784197936,0
1,1,-0.738667542842371,-0.6267473272895339,0.479692683541456,1.0469866784197936,0
1,1,0.2569530922366421,-0.694800454627055,-0.8395941248783899,0.1405047057619635,0
1,1,0.2569530922366421,-0.058929046067091574,-0.9275465787730462,-0.7659772668958666,0
0,0,0.008047933466888799,-0.33752153610506885,-0.22392694761579512,-1.6724592395536968,1
1,0,-1.2364778603818776,-0.6724705222194308,3.4700761159597735,0.1405047057619635,0
1,0,-0.2408572253028645,0.12077374330855027,0.12788286796283044,1.0469866784197936,1
0,0,2.2481943623946683,1.592068178610896,0.5676451374361124,1.0469866784197936,0
1,0,-0.2408572253028645,-0.07877787487386859,0.8315024991200816,-1.6724592395536968,0
0,0,-0.738667542842371,-0.6157595827714966,-1.103451486562359,-1.6724592395536968,0
1,1,0.2569530922366421,-0.439246783739801,2.1507893075399274,1.0469866784197936,0
0,0,0.7547634097761486,1.091239694611326,-0.3998318554051079,1.0469866784197936,0
0,0,-0.2408572253028645,-0.14434989861054262,-0.13597449372113873,-1.6724592395536968,0
1,1,-0.738667542842371,-0.714649283433832,2.238741761434584,1.0469866784197936,1
0,0,0.2569530922366421,-0.6870027004529641,0.6555975913307688,-0.7659772668958666,0
1,1,0.2569530922366421,-0.4427912174552969,0.12788286796283044,1.0469866784197936,1
1,1,0.2569530922366421,-0.609379602083604,-0.3118794015104515,-1.6724592395536968,0
0,0,-0.738667542842371,-0.9375941641385238,-1.0154990326677027,1.0469866784197936,0
1,1,2.2481943623946683,1.9801836704576965,-0.048022039826482336,-1.6724592395536968,1
1,1,-0.738667542842371,-0.8064501166651756,-1.103451486562359,1.0469866784197936,1
1,1,-1.2364778603818776,-0.5391998145167852,0.8315024991200816,1.0469866784197936,0
0,0,2.2481943623946683,1.3212734427470096,-0.13597449372113873,-1.6724592395536968,0
1,0,-0.738667542842371,-0.45236118848713586,-0.7516416709837335,-1.6724592395536968,1
1,0,-0.9875727016121243,-0.734498112240609,2.7664564848025224,1.0469866784197936,0
0,0,-0.738667542842371,-0.6877115871960632,-1.1914039404570154,-1.6724592395536968,0
0,0,-0.2408572253028645,-0.35205371433860205,-0.6636892170890771,0.1405047057619635,0
0,1,0.008047933466888799,0.6138044731340292,-0.5757367631944207,1.0469866784197936,0
0,0,0.2569530922366421,0.0995071410155749,-0.7516416709837335,1.0469866784197936,0
0,0,-0.2408572253028645,-0.4761088943809583,-0.3998318554051079,-0.7659772668958666,1
1,0,0.2569530922366421,-0.10890556145558368,1.1833123146987072,1.0469866784197936,0
0,0,0.2569530922366421,-0.6115062623129015,-1.0154990326677027,1.0469866784197936,0
1,0,-1.2364778603818776,-0.9173908919601972,-0.5757367631944207,-1.6724592395536968,0
0,0,1.2525737273156552,3.2317232153992967,0.12788286796283044,1.0469866784197936,0
1,0,0.2569530922366421,0.5106614520130986,0.12788286796283044,-0.7659772668958666,0
1,0,0.2569530922366421,-0.6090251587120543,-1.103451486562359,-0.7659772668958666,0
0,0,-0.738667542842371,-0.67317940896253,0.03993041406817406,0.1405047057619635,0
1,1,0.2569530922366421,-0.2457207028737252,-0.13597449372113873,-0.7659772668958666,1
1,0,2.2481943623946683,0.2508544606672496,0.479692683541456,-1.6724592395536968,0
0,0,2.2481943623946683,1.2358525902035586,-0.3998318554051079,-0.7659772668958666,0
0,0,0.2569530922366421,-0.013205851137194536,-1.103451486562359,1.0469866784197936,0
1,1,0.7547634097761486,0.9508801194776887,0.21583532185748686,-0.7659772668958666,1
1,1,0.2569530922366421,0.7662151229003527,-0.8395941248783899,1.0469866784197936,0
1,0,-0.4897623840726178,-0.8737943572595976,-1.1914039404570154,1.0469866784197936,0
1,0,-0.9875727016121243,-0.775967986711911,-0.7516416709837335,1.0469866784197936,0
1,1,-0.4897623840726178,-0.1712875948483114,-1.0154990326677027,0.1405047057619635,1
1,0,-0.738667542842371,-0.12095663608826972,-0.7516416709837335,-1.6724592395536968,0
1,1,0.2569530922366421,-0.47646333775250793,-0.22392694761579512,-0.7659772668958666,1
0,0,1.2525737273156552,-0.15994540695872456,-0.7516416709837335,1.0469866784197936,1
1,1,0.2569530922366421,-0.8273622755866015,-0.7516416709837335,0.1405047057619635,0
0,0,-0.2408572253028645,-0.7851835143722004,-0.4877843092997643,0.1405047057619635,1
1,0,-0.738667542842371,-0.05219462200764937,1.1833123146987072,0.1405047057619635,1
1,1,-0.9875727016121243,-0.6675083150177367,-0.8395941248783899,-0.7659772668958666,0
0,0,1.2525737273156552,-0.31448271695434554,-0.22392694761579512,-1.6724592395536968,0
1,1,-0.738667542842371,-0.4034480032132925,1.4471696763826765,1.0469866784197936,0
0,0,-0.2408572253028645,-0.4367656801389539,-1.3673088482463283,1.0469866784197936,0
1,0,-0.9875727016121243,-0.16738871776126593,0.03993041406817406,-0.7659772668958666,1
1,0,-0.738667542842371,-0.702598208801146,-1.279356394351672,-1.6724592395536968,0
0,0,-0.2408572253028645,-0.7281181315527164,1.0074074069093943,0.1405047057619635,0
0,0,-0.738667542842371,-0.3633959022281889,2.1507893075399274,0.1405047057619635,1
1,0,-0.738667542842371,-1.023015016681975,1.9748843997506147,0.1405047057619635,1
1,0,0.2569530922366421,-0.4629944896336235,0.5676451374361124,1.0469866784197936,0
1,1,0.008047933466888799,-0.6022907346526122,0.03993041406817406,1.0469866784197936,0
0,0,0.2569530922366421,-0.19609863085678267,-1.3673088482463283,1.0469866784197936,0
0,0,0.2569530922366421,-0.6781416161642243,0.3917402296467996,0.1405047057619635,0
0,0,-1.2364778603818776,-0.829488935815899,-0.3118794015104515,-1.6724592395536968,0
0,0,0.2569530922366421,-0.6483683729540588,-1.103451486562359,1.0469866784197936,0
0,0,0.2569530922366421,0.343718624013242,0.03993041406817406,1.0469866784197936,0
0,1,-0.2408572253028645,-0.17589535867845607,-0.3998318554051079,-0.7659772668958666,1
1,1,0.2569530922366421,0.2097390295674972,-0.3118794015104515,-0.7659772668958666,0
1,0,-1.1535094741252931,-0.33397710238957296,0.8315024991200816,-1.6724592395536968,0
0,0,-0.9875727016121243,-0.8340966996460436,-0.4877843092997643,-1.6724592395536968,0
0,0,0.2569530922366421,-0.508363241191971,-0.13597449372113873,1.0469866784197936,0
0,1,1.2525737273156552,0.027555136591008247,-0.6636892170890771,-0.7659772668958666,0
1,0,-0.9046043153555399,-0.7075604160028403,-1.103451486562359,-0.7659772668958666,0
1,0,0.2569530922366421,-0.15710985998632784,-1.1914039404570154,1.0469866784197936,0
1,1,0.2569530922366421,0.444734984904875,3.382123662065117,-0.7659772668958666,1
0,0,1.2525737273156552,-0.2127574693196134,1.2712647685933636,1.0469866784197936,0
1,1,-0.2408572253028645,-0.43251235968035884,-0.22392694761579512,-1.6724592395536968,0
1,1,-0.4897623840726178,-0.6986993317141005,0.8315024991200816,1.0469866784197936,0
0,0,-0.738667542842371,-0.896833176410321,-1.1914039404570154,0.1405047057619635,0
0,0,-0.9046043153555399,-0.7199659340070759,1.0953598608040507,1.0469866784197936,0
1,0,0.008047933466888799,0.030390683563404963,-0.5757367631944207,-0.7659772668958666,0
1,0,0.2569530922366421,0.12786261073954205,-1.1914039404570154,1.0469866784197936,0
0,1,-0.2408572253028645,-0.518642098966909,-1.1914039404570154,-1.6724592395536968,0
1,0,2.2481943623946683,3.166151191662623,1.0953598608040507,-0.7659772668958666,0
1,0,3.2438149974736814,2.0861622385510237,-0.7516416709837335,-0.7659772668958666,0
1,0,-1.2364778603818776,0.143458119087724,0.12788286796283044,0.1405047057619635,1
0,0,0.7547634097761486,0.06016392677357048,-1.279356394351672,1.0469866784197936,0
1,1,-0.738667542842371,-0.9326319569368295,1.1833123146987072,-0.7659772668958666,0
1,0,0.008047933466888799,0.13495147817053385,-0.7516416709837335,0.1405047057619635,1
0,1,-0.2408572253028645,-0.6171773562576949,-0.3118794015104515,-0.7659772668958666,1
0,1,2.2481943623946683,0.22781564151652628,0.21583532185748686,-0.7659772668958666,0
1,0,-0.738667542842371,-0.5009199303894296,-1.1914039404570154,-1.6724592395536968,0
0,0,-0.2408572253028645,-0.23792294869963423,2.5905515770132093,1.0469866784197936,0
1,1,-0.4897623840726178,-0.4580322824319293,-0.048022039826482336,-0.7659772668958666,0
1,0,-1.2364778603818776,-0.4094735405296355,0.479692683541456,-0.7659772668958666,0
0,0,-0.9875727016121243,-0.6501405898118068,-0.5757367631944207,0.1405047057619635,0
1,1,1.7503840448551617,0.27318439307487374,0.03993041406817406,1.0469866784197936,1
1,1,-0.9875727016121243,0.19875128504945994,2.502599123118553,1.0469866784197936,0
1,0,0.2569530922366421,0.13778702514293056,-0.6636892170890771,1.0469866784197936,0
0,0,-0.2408572253028645,-0.6090251587120543,0.7435500452254252,0.1405047057619635,0
1,0,-0.4897623840726178,-0.6476594862109596,-1.103451486562359,-1.6724592395536968,0
0,1,-0.9875727016121243,-0.4576778390603797,-1.4552613021409846,-0.7659772668958666,0
0,0,0.2569530922366421,-0.6792049462788731,-0.9275465787730462,1.0469866784197936,0
1,1,-0.738667542842371,-0.6657360981599887,1.0074074069093943,1.0469866784197936,0
1,1,0.2569530922366421,-0.6717616354763317,-0.6636892170890771,-1.6724592395536968,0
1,1,3.2438149974736814,4.388626380137157,-1.279356394351672,1.0469866784197936,0
1,1,-0.738667542842371,-0.6302917610050297,-0.13597449372113873,0.1405047057619635,0
0,0,1.7503840448551617,0.38944181894313906,-0.8395941248783899,-0.7659772668958666,0
0,0,-0.2408572253028645,-0.8936431860663747,-0.7516416709837335,-1.6724592395536968,0
1,0,-0.4897623840726178,-0.6958637847417037,0.21583532185748686,1.0469866784197936,0
0,1,-0.4897623840726178,0.47911599194518517,0.3917402296467996,-0.7659772668958666,0
1,1,0.2569530922366421,-0.5034010339902767,-0.22392694761579512,-0.7659772668958666,1
1,0,-0.2408572253028645,-0.4931221762153386,-0.3118794015104515,-1.6724592395536968,1
0,1,1.2525737273156552,1.6689823902371568,-0.7516416709837335,1.0469866784197936,0
1,0,0.7547634097761486,0.4649382570832016,-0.3118794015104515,-0.7659772668958666,0
0,1,-0.738667542842371,-0.6682172017608358,-0.8395941248783899,-0.7659772668958666,0
0,0,0.2569530922366421,-0.8238178418711055,0.21583532185748686,0.1405047057619635,0
0,0,-0.738667542842371,-0.9170364485886475,0.3917402296467996,1.0469866784197936,0
1,0,2.2481943623946683,1.4903429309761638,1.2712647685933636,-1.6724592395536968,0
0,0,-0.738667542842371,-0.47823555461025585,0.12788286796283044,-0.7659772668958666,0
0,0,0.2569530922366421,-0.3431926300498623,0.8315024991200816,-1.6724592395536968,0
0,0,1.2525737273156552,1.7065533876214134,0.5676451374361124,1.0469866784197936,0
1,1,0.2569530922366421,-0.3279515650732299,-0.048022039826482336,0.1405047057619635,1
1,0,-0.5727307703292022,0.24872780043795206,-1.1914039404570154,1.0469866784197936,0
0,0,-0.738667542842371,-0.8447300007925314,0.479692683541456,1.0469866784197936,0
1,1,2.2481943623946683,2.463644429251336,0.12788286796283044,0.1405047057619635,0
1,0,0.7547634097761486,0.33662975658225025,-0.6636892170890771,-1.6724592395536968,0
1,0,-0.2408572253028645,1.0951385716983717,0.479692683541456,-1.6724592395536968,1
1,0,-0.738667542842371,-0.6997626618287492,-1.103451486562359,1.0469866784197936,0
0,0,-0.738667542842371,-0.8404766803339363,-1.103451486562359,-0.7659772668958666,0
1,1,0.008047933466888799,-0.3651681190859368,1.2712647685933636,-0.7659772668958666,0
1,0,-1.2364778603818776,-0.7873101746014979,-0.048022039826482336,-1.6724592395536968,0
1,0,-1.2364778603818776,-0.7883735047161466,1.2712647685933636,1.0469866784197936,1
1,1,0.2569530922366421,1.078479733235541,-0.7516416709837335,-0.7659772668958666,1
1,0,0.7547634097761486,0.07965831220879789,-0.13597449372113873,-0.7659772668958666,0
1,1,2.2481943623946683,0.1197104131939015,-0.7516416709837335,-1.6724592395536968,0
0,0,-0.738667542842371,0.5570935336860948,0.6555975913307688,1.0469866784197936,1
1,0,0.7547634097761486,-0.09012006276345544,1.0074074069093943,1.0469866784197936,1
1,1,0.2569530922366421,0.3075654001151839,-0.7516416709837335,0.1405047057619635,1
1,1,1.2525737273156552,0.8757381247091758,-0.3998318554051079,-0.7659772668958666,0
1,1,3.2438149974736814,2.5146842747544773,0.5676451374361124,1.0469866784197936,0
1,1,-1.2364778603818776,-0.42223350190542075,-1.0154990326677027,-0.7659772668958666,1
0,1,0.008047933466888799,-0.24501181613062603,0.479692683541456,-0.7659772668958666,0
1,1,0.7547634097761486,0.4461527583910734,-0.8395941248783899,1.0469866784197936,1
1,1,0.2569530922366421,0.6659076487518188,-0.22392694761579512,1.0469866784197936,1
0,0,4.239435632552695,0.8236349490913861,-1.0154990326677027,-0.7659772668958666,0
1,0,0.2569530922366421,-0.31448271695434554,2.502599123118553,1.0469866784197936,0
1,1,-0.2408572253028645,-0.6444694958670133,-0.8395941248783899,-1.6724592395536968,0
1,1,-1.2364778603818776,-0.6143418092852982,1.798979491961302,-0.7659772668958666,0
1,1,-0.738667542842371,-0.35169927096705245,0.12788286796283044,1.0469866784197936,0
1,1,-0.4897623840726178,-0.6356084115782735,-0.22392694761579512,0.1405047057619635,0
1,1,0.2569530922366421,0.6492488102889881,1.0074074069093943,0.1405047057619635,1
1,0,1.2525737273156552,2.3342725986357364,-0.3998318554051079,0.1405047057619635,0
1,1,3.2438149974736814,1.1539761713756034,-0.13597449372113873,1.0469866784197936,0
1,0,-0.9046043153555399,-0.6820404932512698,-0.7516416709837335,-0.7659772668958666,1
1,0,1.2525737273156552,-0.1450587853536418,-0.4877843092997643,0.1405047057619635,0
1,1,-0.9875727016121243,-0.18369311285254705,-0.048022039826482336,1.0469866784197936,0
1,0,-0.738667542842371,0.13459703479898424,-0.3998318554051079,0.1405047057619635,0
1,0,-0.4897623840726178,-0.8138934274677171,-0.9275465787730462,0.1405047057619635,1
1,0,-0.4897623840726178,-0.22693520418159696,-0.9275465787730462,-0.7659772668958666,0
1,0,0.2569530922366421,-0.13300771072095577,-0.5757367631944207,-1.6724592395536968,0
1,0,-1.2364778603818776,0.512079225499297,0.7435500452254252,0.1405047057619635,1
1,1,0.2569530922366421,-0.34992705410930447,-0.6636892170890771,-0.7659772668958666,0
1,1,-1.2364778603818776,-0.7213837074932742,1.2712647685933636,1.0469866784197936,0
1,0,-0.738667542842371,-0.7685246759093696,-0.5757367631944207,0.1405047057619635,0
1,1,-0.738667542842371,-0.831261152673647,0.21583532185748686,-0.7659772668958666,1
1,1,-0.2408572253028645,-0.5214776459393058,-1.0154990326677027,-0.7659772668958666,1
1,0,-0.4897623840726178,-0.4842610919265989,0.3917402296467996,1.0469866784197936,0
0,1,-0.738667542842371,-0.7614358084783778,-0.5757367631944207,1.0469866784197936,0
0,0,2.2481943623946683,1.0845052705518838,0.919454953014738,1.0469866784197936,1
1,0,0.2569530922366421,-0.6714071921047821,1.0074074069093943,-0.7659772668958666,0
1,0,0.7547634097761486,-0.2723039557399444,0.479692683541456,-0.7659772668958666,0
1,0,0.5058582510063954,-0.26344287145120465,-0.3118794015104515,-1.6724592395536968,0
1,1,-0.4897623840726178,0.7275807954014474,-0.048022039826482336,1.0469866784197936,0
0,0,2.2481943623946683,1.16567280263674,-1.0154990326677027,-0.7659772668958666,0
0,0,-0.738667542842371,-0.10713334459783573,-0.9275465787730462,0.1405047057619635,0
1,0,-0.9875727016121243,-0.7320170086397619,-0.9275465787730462,1.0469866784197936,0
1,0,-0.9875727016121243,-0.4087646537865363,0.12788286796283044,-0.7659772668958666,0
1,1,-0.2408572253028645,-0.9365308340238749,-0.3118794015104515,0.1405047057619635,1
0,0,-1.2364778603818776,-0.7348525556121586,-0.048022039826482336,1.0469866784197936,0
1,1,0.008047933466888799,-0.2818739267717833,0.919454953014738,1.0469866784197936,0
1,0,-0.9875727016121243,-0.756119157905134,-0.9275465787730462,1.0469866784197936,1
0,0,3.2438149974736814,3.812301457997524,-0.7516416709837335,-0.7659772668958666,0
1,1,0.7547634097761486,1.5328761355621146,2.4146466692238966,1.0469866784197936,1
1,1,0.7547634097761486,-0.06885346047048008,0.3917402296467996,-0.7659772668958666,1
1,1,-0.2408572253028645,-0.6260384405464346,-0.3118794015104515,-0.7659772668958666,0
1,0,0.2569530922366421,-0.043687981090459224,-0.3998318554051079,-0.7659772668958666,1
1,0,-0.07492045278969563,1.019642133558309,-0.3998318554051079,1.0469866784197936,0
0,0,-0.9875727016121243,-0.6855849269667657,-0.13597449372113873,-0.7659772668958666,0
0,0,-1.2364778603818776,-1.0060017348475945,-1.0154990326677027,-0.7659772668958666,0
0,0,-0.738667542842371,-0.7242192544656709,-1.0154990326677027,-0.7659772668958666,0
1,0,-0.9875727016121243,-0.8794654512043911,2.678504030907866,0.1405047057619635,0
0,1,0.5058582510063954,-0.2485562498461219,-1.279356394351672,0.1405047057619635,0
1,1,-1.2364778603818776,-1.0708648718411693,0.479692683541456,-0.7659772668958666,1
1,1,-0.4897623840726178,-0.6930282377693071,1.0074074069093943,-0.7659772668958666,1
0,0,-0.2408572253028645,-0.49241328947223945,-0.9275465787730462,1.0469866784197936,0
0,0,2.2481943623946683,1.1146329571335991,2.0628368536452713,0.1405047057619635,0
1,0,0.2569530922366421,-0.7075604160028403,0.03993041406817406,1.0469866784197936,1
1,0,0.2569530922366421,1.1100251933034544,-0.22392694761579512,-0.7659772668958666,0
0,0,0.2569530922366421,-0.45519673545953254,-1.279356394351672,1.0469866784197936,0
1,0,-1.0705410878687087,-0.8900987523508788,0.7435500452254252,-0.7659772668958666,0
1,1,0.2569530922366421,-0.23685961858498547,-0.6636892170890771,1.0469866784197936,0
1,1,-1.4024146328950464,0.038542881109045524,0.12788286796283044,-1.6724592395536968,1
1,0,1.2525737273156552,0.2547533377542951,-0.5757367631944207,-0.7659772668958666,0
0,0,0.2569530922366421,2.937889660384687,-1.103451486562359,1.0469866784197936,0
1,0,-0.2408572253028645,0.39298625265863496,-0.048022039826482336,1.0469866784197936,0
1,1,-1.2364778603818776,1.2369159203182074,0.8315024991200816,0.1405047057619635,1
0,0,0.7547634097761486,0.357541915503676,-0.8395941248783899,1.0469866784197936,0
1,0,0.2569530922366421,-0.3353948758757713,-0.3118794015104515,0.1405047057619635,0
1,0,-0.9046043153555399,-0.788019061344597,-1.103451486562359,1.0469866784197936,0
1,1,0.008047933466888799,-0.039434660631864155,0.479692683541456,0.1405047057619635,0
1,0,0.2569530922366421,-0.2793928231709362,-1.1914039404570154,1.0469866784197936,0
1,0,1.5014788860854085,3.8661768504730616,-0.4877843092997643,1.0469866784197936,1
1,0,-0.6556991565857866,-0.5225409760539546,-0.6636892170890771,-1.6724592395536968,1
1,0,-0.4897623840726178,-0.2694684087675477,-1.103451486562359,1.0469866784197936,0
0,0,-0.738667542842371,-0.7079148593743898,0.12788286796283044,-1.6724592395536968,0
1,1,0.008047933466888799,0.7006430991636786,-0.8395941248783899,0.1405047057619635,0
1,1,-0.4897623840726178,-0.08586674230486037,-0.22392694761579512,-0.7659772668958666,0
1,0,-1.2364778603818776,-1.0077739517053426,1.1833123146987072,-1.6724592395536968,0
0,0,-0.2408572253028645,-0.8135389840961674,-1.103451486562359,-0.7659772668958666,0
1,0,-0.738667542842371,-0.861388839255362,-1.103451486562359,1.0469866784197936,0
1,1,0.7547634097761486,0.8860169824841139,-0.9275465787730462,-0.7659772668958666,1
0,1,-0.738667542842371,-0.6083162719689552,1.7110270380666455,1.0469866784197936,0
0,0,0.2569530922366421,-0.7040159822873443,-0.3118794015104515,1.0469866784197936,0
1,0,-1.2364778603818776,-0.69905377508565,3.382123662065117,-1.6724592395536968,1
0,0,-0.4897623840726178,-0.7089781894890386,0.3037877757521432,1.0469866784197936,1
1,1,0.2569530922366421,-0.6657360981599887,-0.3998318554051079,-0.7659772668958666,0
0,0,-0.738667542842371,-0.9145553449878004,-0.048022039826482336,0.1405047057619635,1
1,1,-0.4897623840726178,0.6286910947391119,2.0628368536452713,1.0469866784197936,1
0,0,-0.2408572253028645,-0.4066379935572388,-1.0154990326677027,1.0469866784197936,1
1,0,-0.738667542842371,-0.37473809011777576,-1.0154990326677027,0.1405047057619635,0
0,1,0.008047933466888799,3.3348662365202273,-0.4877843092997643,1.0469866784197936,1
1,1,0.2569530922366421,-0.28648169060192796,-0.7516416709837335,0.1405047057619635,1
1,0,-0.738667542842371,-0.7500936205887909,0.3917402296467996,0.1405047057619635,0
0,0,0.7547634097761486,-0.0578657159524428,-0.3998318554051079,1.0469866784197936,0
1,1,-0.9046043153555399,-0.13123549386320782,-0.3998318554051079,1.0469866784197936,0
1,0,-0.738667542842371,0.12254596016629822,-0.6636892170890771,1.0469866784197936,1
1,1,-0.738667542842371,-0.5728719348139962,2.4146466692238966,1.0469866784197936,1
1,0,0.2569530922366421,-0.16278095393112127,-0.8395941248783899,1.0469866784197936,0
0,0,1.2525737273156552,1.699110076818872,-0.9275465787730462,-0.7659772668958666,1
1,1,0.008047933466888799,0.0013263270963386306,0.03993041406817406,1.0469866784197936,1
1,1,0.2569530922366421,-0.37154809977382947,1.4471696763826765,1.0469866784197936,1
1,0,-0.738667542842371,-0.6348995248351744,2.678504030907866,1.0469866784197936,1
0,0,0.2569530922366421,-0.6735338523340796,-0.9275465787730462,1.0469866784197936,0
1,1,1.2525737273156552,0.09348160369923188,0.12788286796283044,1.0469866784197936,1
1,0,-0.2408572253028645,0.08426607603894255,-0.9275465787730462,-1.6724592395536968,0
1,1,1.2525737273156552,0.8647503801911385,0.21583532185748686,-0.7659772668958666,1
1,0,-0.2408572253028645,0.21292901991144353,2.7664564848025224,1.0469866784197936,0
0,0,1.5014788860854085,0.5889934371255579,-0.9275465787730462,-0.7659772668958666,1
1,1,0.2569530922366421,-0.47185557392236327,2.1507893075399274,1.0469866784197936,1
1,0,-0.738667542842371,-0.6597105608436457,-0.3998318554051079,-0.7659772668958666,0
0,0,-0.738667542842371,-0.86316105611311,-1.103451486562359,-0.7659772668958666,0
1,0,-0.07492045278969563,1.1330640124541778,2.1507893075399274,1.0469866784197936,0
1,0,-0.2408572253028645,-0.47150113055081366,-0.048022039826482336,-0.7659772668958666,0
1,1,0.09101631972347322,-0.21133969583341503,0.3917402296467996,1.0469866784197936,0
1,1,2.2481943623946683,-0.18440199959564624,0.21583532185748686,0.1405047057619635,1
0,0,2.2481943623946683,1.0465798297960778,1.2712647685933636,1.0469866784197936,0
0,0,1.584447272341993,0.9664756278258706,-0.7516416709837335,0.1405047057619635,1
0,0,0.008047933466888799,-0.7383969893276545,0.3037877757521432,1.0469866784197936,0
1,1,0.2569530922366421,1.0781252898639913,0.479692683541456,1.0469866784197936,0
1,1,-1.2364778603818776,-0.726700358066518,-0.7516416709837335,-0.7659772668958666,1
1,0,0.2569530922366421,-0.1344254842071541,1.35921722248802,1.0469866784197936,0
1,1,0.2569530922366421,-0.07417011104372391,-0.3118794015104515,0.1405047057619635,0
1,1,-0.9875727016121243,-0.3439015167929615,-1.1914039404570154,1.0469866784197936,0
0,0,-0.2408572253028645,1.5027484489803995,1.35921722248802,1.0469866784197936,0
1,1,-0.738667542842371,-0.7135859533191833,-1.1914039404570154,1.0469866784197936,1
1,1,0.2569530922366421,-0.9053398173275111,1.6230745841719891,1.0469866784197936,0
1,0,-0.9875727016121243,-0.6104429321982527,-0.048022039826482336,-0.7659772668958666,0
1,1,0.2569530922366421,-0.5934296503638724,1.6230745841719891,1.0469866784197936,1
1,0,-0.2408572253028645,-0.5232498627970538,1.0953598608040507,1.0469866784197936,1
1,0,-0.07492045278969563,0.3547063685312793,-1.0154990326677027,1.0469866784197936,1
1,1,-0.738667542842371,-0.8135389840961674,-0.048022039826482336,1.0469866784197936,1
1,0,-0.738667542842371,1.4889251574899653,-1.0154990326677027,-0.7659772668958666,0
0,0,1.2525737273156552,2.1265687829076767,-1.0154990326677027,-1.6724592395536968,0
1,0,-1.2364778603818776,-0.950354125514309,-0.8395941248783899,0.1405047057619635,0
1,1,-0.738667542842371,-0.8298433791874485,2.5905515770132093,1.0469866784197936,1
1,0,1.7503840448551617,2.1308221033662718,1.7110270380666455,-0.7659772668958666,0
0,0,-0.4897623840726178,-0.5292754001133967,-0.8395941248783899,-1.6724592395536968,0
1,0,-1.0705410878687087,-0.8379955767330891,-0.8395941248783899,-0.7659772668958666,0
1,0,-1.2364778603818776,-0.9879251228985655,-0.6636892170890771,0.1405047057619635,0
0,0,1.2525737273156552,2.25345950992243,-1.0154990326677027,1.0469866784197936,1
0,0,2.2481943623946683,-0.0780689881307694,1.6230745841719891,1.0469866784197936,0
0,0,2.2481943623946683,0.23384117883286928,0.919454953014738,1.0469866784197936,0
1,0,1.2525737273156552,1.474747422627982,1.6230745841719891,-0.7659772668958666,0
1,1,-1.2364778603818776,-0.6852304835952161,2.3266942153292405,1.0469866784197936,0
1,1,-1.2364778603818776,-0.6086707153405048,-1.0154990326677027,-0.7659772668958666,1
1,0,1.2525737273156552,4.460932827933273,0.6555975913307688,0.1405047057619635,0
0,0,-0.2408572253028645,-0.6827493799943689,-0.8395941248783899,0.1405047057619635,0
1,1,-0.738667542842371,-0.7692335626524688,-0.7516416709837335,-0.7659772668958666,0
1,0,-0.738667542842371,-0.09047450613500503,-1.0154990326677027,-1.6724592395536968,0
0,0,1.2525737273156552,-0.19822529108608022,0.479692683541456,-0.7659772668958666,0
1,0,-1.0705410878687087,-0.9003776101258169,1.0074074069093943,1.0469866784197936,1
1,1,-0.2408572253028645,0.1803202297288813,-0.048022039826482336,-0.7659772668958666,1
1,0,0.008047933466888799,-0.5916574335061244,-0.4877843092997643,0.1405047057619635,1
0,0,-0.2408572253028645,0.24624669683710493,-0.22392694761579512,1.0469866784197936,1
0,1,-0.2408572253028645,0.31678092777547323,0.03993041406817406,-0.7659772668958666,0
0,0,1.2525737273156552,1.794809787137261,1.0074074069093943,1.0469866784197936,0
1,0,2.2481943623946683,1.2085604505942402,0.21583532185748686,1.0469866784197936,0
1,1,0.2569530922366421,-0.31767270729829183,0.7435500452254252,-0.7659772668958666,0
0,0,-0.2408572253028645,-0.728472574924266,-1.103451486562359,0.1405047057619635,0
0,0,1.999289203624915,3.028627163501382,-0.5757367631944207,1.0469866784197936,0
1,0,0.2569530922366421,0.6425143862295459,0.5676451374361124,1.0469866784197936,0
0,0,-0.4897623840726178,-0.33468598913267217,-0.9275465787730462,0.1405047057619635,0
0,0,-0.738667542842371,-0.775967986711911,1.0953598608040507,1.0469866784197936,0
1,1,-0.738667542842371,-0.8454388875356305,-1.279356394351672,-0.7659772668958666,0
1,1,-1.4024146328950464,-0.9464552484272635,-1.103451486562359,0.1405047057619635,0
1,0,0.2569530922366421,-0.1113866650564308,2.4146466692238966,1.0469866784197936,1
1,1,0.2569530922366421,-0.23402407161258876,0.919454953014738,0.1405047057619635,1
0,0,1.2525737273156552,0.6761865065267569,-0.5757367631944207,-0.7659772668958666,0
1,1,0.008047933466888799,-0.09862670368064559,-0.6636892170890771,-0.7659772668958666,0
0,1,-0.2408572253028645,-0.4707922438077145,-1.103451486562359,1.0469866784197936,0
1,1,0.2569530922366421,-0.6068984984827568,1.2712647685933636,1.0469866784197936,0
1,1,-0.2408572253028645,0.053429502714128274,1.0074074069093943,1.0469866784197936,0
1,0,0.008047933466888799,0.24979113055260083,-0.048022039826482336,0.1405047057619635,0
0,1,-0.2408572253028645,1.2369159203182074,2.8544089386971785,1.0469866784197936,0
1,1,0.2569530922366421,-0.7167759436631296,-0.6636892170890771,-0.7659772668958666,0
1,0,-0.9875727016121243,-0.6760149559349268,2.0628368536452713,1.0469866784197936,0
0,0,-0.738667542842371,-0.9081753642999079,1.8869319458559584,1.0469866784197936,0
0,0,-0.07492045278969563,-0.36729477931523435,-0.22392694761579512,-0.7659772668958666,1
1,1,0.2569530922366421,0.27318439307487374,0.6555975913307688,1.0469866784197936,1
1,1,-0.4897623840726178,-0.6380895151791207,-0.048022039826482336,1.0469866784197936,1
0,0,-0.2408572253028645,-0.6483683729540588,-0.3118794015104515,1.0469866784197936,0
1,1,1.2525737273156552,2.695095950873218,0.8315024991200816,-0.7659772668958666,0
1,1,0.2569530922366421,-0.637026185064472,-0.22392694761579512,0.1405047057619635,0
1,1,-0.9046043153555399,-0.8426033405632338,0.3917402296467996,0.1405047057619635,0
1,1,-0.4897623840726178,0.025428476361710712,-0.6636892170890771,-0.7659772668958666,1
0,0,-0.4897623840726178,0.2437655932362578,-0.5757367631944207,-0.7659772668958666,0
1,1,-0.9875727016121243,0.10836822530431464,-0.8395941248783899,-0.7659772668958666,0
1,1,0.2569530922366421,0.8977136137452503,-0.7516416709837335,-0.7659772668958666,1
0,1,-0.2408572253028645,-0.39068804183750727,-0.6636892170890771,-0.7659772668958666,0
0,0,0.2569530922366421,-0.29498833151911813,-0.048022039826482336,1.0469866784197936,0
1,1,0.5058582510063954,0.444734984904875,-0.3118794015104515,-0.7659772668958666,1
0,1,-0.9046043153555399,-0.3761558636039741,-0.9275465787730462,-0.7659772668958666,0
1,1,-0.4897623840726178,-0.3722569865169286,-1.3673088482463283,1.0469866784197936,0
1,0,-0.2408572253028645,-0.3127105000965976,-0.7516416709837335,-1.6724592395536968,0
1,1,-0.738667542842371,0.02117515590311564,0.5676451374361124,1.0469866784197936,1
1,1,1.2525737273156552,1.4665952250823413,0.12788286796283044,-0.7659772668958666,0
1,0,-0.738667542842371,-0.9283786364782345,-1.0154990326677027,1.0469866784197936,0
1,1,1.2525737273156552,1.5619404920291808,0.3917402296467996,1.0469866784197936,0
1,0,-1.2364778603818776,-0.6834582667374681,0.919454953014738,1.0469866784197936,1
1,0,0.2569530922366421,-0.6696349752470342,-0.8395941248783899,-1.6724592395536968,1
1,1,-0.4897623840726178,-0.8496922079942256,-1.0154990326677027,-1.6724592395536968,0
1,0,-0.738667542842371,0.1129759891344593,-0.5757367631944207,-0.7659772668958666,0
1,0,-0.8216359290989554,-0.6909015775400095,0.3917402296467996,1.0469866784197936,1
1,0,-0.2408572253028645,-0.47185557392236327,0.03993041406817406,1.0469866784197936,0
1,1,1.2525737273156552,0.11474820599220725,-0.6636892170890771,-0.7659772668958666,0
0,0,-0.9875727016121243,-0.6554572403850506,-0.7516416709837335,-0.7659772668958666,0
1,1,0.7547634097761486,1.2301814962587652,0.03993041406817406,0.1405047057619635,1
1,1,0.2569530922366421,1.610144790559925,0.21583532185748686,0.1405047057619635,0
1,1,0.2569530922366421,2.1286954431369742,1.0953598608040507,1.0469866784197936,0
1,0,0.7547634097761486,-0.3864347213789122,0.03993041406817406,1.0469866784197936,1
1,1,-0.2408572253028645,-0.7702968927671175,2.5905515770132093,1.0469866784197936,1
0,0,0.2569530922366421,0.27850104364811756,0.6555975913307688,0.1405047057619635,0
0,0,-0.738667542842371,-0.8776932343466431,1.5351221302773328,1.0469866784197936,0
1,0,0.2569530922366421,-0.1581731901009766,-0.13597449372113873,0.1405047057619635,1
0,0,2.2481943623946683,4.395360804196598,-1.103451486562359,-0.7659772668958666,0
1,1,1.2525737273156552,1.1848127447004178,-0.13597449372113873,1.0469866784197936,1
1,1,0.5888266372629798,1.6136892242754208,0.3917402296467996,1.0469866784197936,0
1,0,0.5058582510063954,-0.29392500140446937,0.6555975913307688,1.0469866784197936,1
1,1,-0.4897623840726178,-0.5111987881643677,0.919454953014738,1.0469866784197936,1
1,0,-0.738667542842371,-0.3899791550944081,0.21583532185748686,1.0469866784197936,1
1,0,1.2525737273156552,0.896295840259052,-0.13597449372113873,1.0469866784197936,1
1,1,-0.2408572253028645,-0.7451314133870967,-0.5757367631944207,0.1405047057619635,1
1,1,1.2525737273156552,2.0117291305256098,-0.3998318554051079,-0.7659772668958666,0
1,0,0.008047933466888799,-0.2357962884703367,-0.6636892170890771,1.0469866784197936,0
1,1,-0.738667542842371,-0.5952018672216204,-0.048022039826482336,-0.7659772668958666,1
1,1,-0.4897623840726178,-0.38466250452116424,-0.22392694761579512,1.0469866784197936,0
0,0,-0.2408572253028645,0.3125276073168781,0.5676451374361124,0.1405047057619635,0
0,0,-0.4067939978160333,-0.2290618644108945,0.6555975913307688,1.0469866784197936,1
1,1,-0.07492045278969563,0.07575943512175241,0.7435500452254252,1.0469866784197936,1
1,1,1.2525737273156552,2.5540274889964816,0.5676451374361124,1.0469866784197936,1
1,1,-0.4897623840726178,-0.6682172017608358,0.3917402296467996,-0.7659772668958666,0
1,1,0.2569530922366421,-0.7064970858881915,0.03993041406817406,-1.6724592395536968,0
1,0,-0.738667542842371,-0.7671069024231713,-1.3673088482463283,-0.7659772668958666,0
1,0,0.008047933466888799,0.17429469241253828,-1.0154990326677027,-0.7659772668958666,0
1,0,1.2525737273156552,0.15586363709195963,-0.7516416709837335,-0.7659772668958666,0
1,1,-0.4897623840726178,0.11439376262065766,0.919454953014738,-0.7659772668958666,0
1,0,-0.9875727016121243,-0.027029142627628525,-0.22392694761579512,-0.7659772668958666,0
1,1,1.2525737273156552,0.41921506215330456,-0.13597449372113873,1.0469866784197936,0
0,0,0.2569530922366421,0.5191680929302888,-0.9275465787730462,1.0469866784197936,1
1,0,0.7547634097761486,-0.09933559042374476,-0.9275465787730462,1.0469866784197936,0
1,1,-0.8216359290989554,-0.4002580128693462,-0.6636892170890771,-0.7659772668958666,0
0,0,0.2569530922366421,-0.03908021726031456,-0.3998318554051079,-0.7659772668958666,0
0,0,2.2481943623946683,5.370788962701069,-0.3118794015104515,-0.7659772668958666,0
1,1,-0.9046043153555399,-0.15002099255533605,-0.3118794015104515,-0.7659772668958666,0
0,0,-1.2364778603818776,4.1203127478741175,2.8544089386971785,1.0469866784197936,0
0,0,0.2569530922366421,-0.32334380124308526,-0.22392694761579512,-1.6724592395536968,0
0,0,0.2569530922366421,0.02613736310480989,0.3037877757521432,-0.7659772668958666,0
1,1,-0.2408572253028645,-0.5154521086229628,-0.6636892170890771,-0.7659772668958666,1
1,1,2.2481943623946683,3.359322829157149,0.12788286796283044,-1.6724592395536968,0
0,0,-0.9875727016121243,-0.6753060691918276,-1.1914039404570154,1.0469866784197936,0
1,0,-0.738667542842371,-0.4498800848862887,-0.4877843092997643,1.0469866784197936,0
0,0,0.2569530922366421,1.276259134560212,1.7110270380666455,-1.6724592395536968,0
0,0,-0.738667542842371,-0.9124286847585029,0.919454953014738,-0.7659772668958666,0
1,0,-0.2408572253028645,-0.7876646179730474,-1.279356394351672,1.0469866784197936,1
0,0,2.2481943623946683,2.4902276821175557,0.3037877757521432,1.0469866784197936,0
1,1,0.7547634097761486,-0.49772994004548327,1.9748843997506147,1.0469866784197936,0
1,0,-0.738667542842371,-0.6831038233659186,0.6555975913307688,-0.7659772668958666,0
1,0,0.2569530922366421,-0.540263144631434,-1.0154990326677027,-1.6724592395536968,0
0,0,-0.9875727016121243,-0.5675552842407524,-1.1914039404570154,-0.7659772668958666,0
1,1,-0.9875727016121243,-0.7256370279518692,-0.4877843092997643,-1.6724592395536968,1
1,1,-0.738667542842371,-0.9744562747796811,0.5676451374361124,1.0469866784197936,1
1,0,-0.738667542842371,-0.6285195441472817,-1.103451486562359,-1.6724592395536968,0
0,0,0.7547634097761486,-0.4792988847249046,-0.4877843092997643,0.1405047057619635,0
0,0,-0.9875727016121243,-0.8954154029241226,-0.6636892170890771,-0.7659772668958666,0
1,0,-1.2364778603818776,-0.4282590392217637,-0.4877843092997643,0.1405047057619635,0
0,0,3.2438149974736814,1.0692642055752515,0.5676451374361124,1.0469866784197936,0
1,1,0.2569530922366421,1.265625833413724,0.919454953014738,1.0469866784197936,1
1,1,-0.738667542842371,0.09064605672683516,0.8315024991200816,0.1405047057619635,0
1,1,-0.9046043153555399,-0.6115062623129015,-0.3998318554051079,-0.7659772668958666,0
1,1,0.2569530922366421,-0.8301978225589982,-0.3998318554051079,-0.7659772668958666,0
1,1,-1.4024146328950464,-0.6437606091239141,0.5676451374361124,-1.6724592395536968,1
1,0,-0.4897623840726178,-0.5055276942195742,0.919454953014738,-1.6724592395536968,0
1,0,2.2481943623946683,1.8029619846829017,-0.4877843092997643,-1.6724592395536968,0
0,0,0.2569530922366421,0.027555136591008247,-0.4877843092997643,1.0469866784197936,0
1,1,-0.738667542842371,-0.14612211546829057,0.21583532185748686,1.0469866784197936,0
0,1,-0.2408572253028645,-0.6161140261430461,0.6555975913307688,-1.6724592395536968,0
0,1,0.2569530922366421,0.12396373365249658,-0.3998318554051079,1.0469866784197936,0
1,0,-0.2408572253028645,0.1129759891344593,0.3917402296467996,0.1405047057619635,1
0,0,1.2525737273156552,-0.39919468275469744,-1.0154990326677027,-1.6724592395536968,0
0,0,0.2569530922366421,0.2983498724548946,-0.6636892170890771,1.0469866784197936,0
0,1,1.2525737273156552,2.730185844656628,-0.8395941248783899,-0.7659772668958666,0
1,0,-0.738667542842371,-0.48851441238519394,-0.5757367631944207,1.0469866784197936,0
1,0,0.2569530922366421,-0.7231559243510222,1.8869319458559584,1.0469866784197936,1
1,0,0.7547634097761486,0.1363692516567322,1.1833123146987072,1.0469866784197936,1
1,0,-0.9875727016121243,-0.7504480639603406,0.12788286796283044,1.0469866784197936,1
0,0,0.5888266372629798,0.2604244316990885,0.8315024991200816,-0.7659772668958666,0
1,0,0.2569530922366421,-0.07168900744287679,-0.4877843092997643,1.0469866784197936,0
1,1,-1.2364778603818776,-0.5427442482322812,-0.4877843092997643,-0.7659772668958666,1
1,0,0.008047933466888799,-0.32547046147238284,1.0074074069093943,1.0469866784197936,0
1,1,-0.4897623840726178,0.10092491450177327,-0.5757367631944207,-0.7659772668958666,0
0,1,0.2569530922366421,-0.3098749531242009,-0.048022039826482336,-0.7659772668958666,0
1,0,-1.2364778603818776,-0.9985584240450531,-1.1914039404570154,-1.6724592395536968,0
1,0,0.7547634097761486,-0.5516053325210208,-0.8395941248783899,-1.6724592395536968,0
0,0,0.5058582510063954,-0.2662784184236014,-1.103451486562359,-0.7659772668958666,1
1,1,-0.4897623840726178,0.10517823496036834,1.6230745841719891,-0.7659772668958666,0
1,1,1.7503840448551617,1.380465485795791,-0.5757367631944207,1.0469866784197936,0
1,0,-0.8216359290989554,0.236676725805266,0.3917402296467996,-0.7659772668958666,1
1,0,-0.4897623840726178,-0.6228484502024884,-1.1914039404570154,-0.7659772668958666,0
1,1,0.2569530922366421,1.4609241311375478,0.6555975913307688,1.0469866784197936,0
0,0,0.2569530922366421,-0.7366247724699065,-0.5757367631944207,1.0469866784197936,0
0,0,3.2438149974736814,1.4268975674687874,0.03993041406817406,1.0469866784197936,0
1,1,0.7547634097761486,-0.15604652987167908,-0.22392694761579512,-0.7659772668958666,1
1,0,0.2569530922366421,-0.7135859533191833,1.8869319458559584,0.1405047057619635,0
1,0,-1.2364778603818776,-0.892579855951726,2.502599123118553,0.1405047057619635,0
1,0,-0.2408572253028645,-0.2992416519777132,0.5676451374361124,-0.7659772668958666,0
0,1,0.2569530922366421,-0.25989843773570875,1.0074074069093943,1.0469866784197936,0
0,0,-0.4897623840726178,-0.7114592930898858,-0.9275465787730462,-0.7659772668958666,0
0,0,0.7547634097761486,1.8128863990862902,1.1833123146987072,-0.7659772668958666,1
0,1,2.2481943623946683,0.5574479770576445,-0.22392694761579512,-0.7659772668958666,0
1,0,0.008047933466888799,-0.12343773968911685,-0.6636892170890771,-1.6724592395536968,0
0,0,1.2525737273156552,1.7572387897530046,-0.8395941248783899,-0.7659772668958666,0
1,1,0.2569530922366421,-0.4406645572259994,-0.4877843092997643,-0.7659772668958666,1
1,0,-0.4897623840726178,-0.6515583632980051,-0.9275465787730462,0.1405047057619635,1
1,0,1.7503840448551617,1.0696186489468011,-0.22392694761579512,-1.6724592395536968,0
1,1,-0.6556991565857866,-0.6600650042151952,2.502599123118553,1.0469866784197936,0
1,0,0.2569530922366421,1.172407226696182,-0.5757367631944207,-0.7659772668958666,0
1,0,0.2569530922366421,-0.5416809181176324,1.0953598608040507,-0.7659772668958666,1
1,1,-0.738667542842371,0.10411490484571956,0.12788286796283044,-1.6724592395536968,1
1,1,-0.4897623840726178,-0.603354064767261,-0.13597449372113873,1.0469866784197936,0
1,0,-0.2408572253028645,-0.4732733474085616,-1.103451486562359,1.0469866784197936,0
1,0,1.2525737273156552,0.2437655932362578,-0.4877843092997643,0.1405047057619635,0
1,1,-0.738667542842371,-0.312356056725048,1.2712647685933636,0.1405047057619635,0
1,1,-0.738667542842371,-0.5441620217184795,-0.3998318554051079,1.0469866784197936,0
1,0,0.7547634097761486,0.20761236933819968,0.3917402296467996,1.0469866784197936,0
1,1,-0.738667542842371,-0.8745032440026969,0.21583532185748686,1.0469866784197936,0
0,0,1.999289203624915,-0.5055276942195742,-1.103451486562359,1.0469866784197936,0
1,0,1.999289203624915,0.4624571534823545,-0.7516416709837335,1.0469866784197936,1
