target,f,a,e,j,c,g
1,-0.3546654052146544,1.2520976418713785,-0.42671495961522266,-0.14789798434785614,-0.4188778324373887,-0.31839333310205653
1,-0.09159933493457359,1.0666370409539463,1.6826285625393766,-0.6506968566408992,1.2251713513604967,-0.03433257462421026
1,-0.11352150745791366,1.0666370409539463,0.8215879450973624,-0.17932291386617136,0.6449186982553606,-0.14518555354239418
1,-0.3656264914763244,0.8193562397307032,-0.4473140174487637,0.1663513108352956,-0.37052344467862736,-0.31146502191967
1,-0.2943794307754692,1.684839044012054,-0.39375646708155704,-1.7191444602636152,0.0969023036560655,-0.1763629538631334
1,-0.33822377582214935,0.0775138360609738,-0.34019891671435043,1.1090991963847512,-0.2415784106552638,-0.3322499554668295
1,-0.3546654052146544,-1.1588901700552419,-0.5626687413165933,0.1663513108352956,-0.3866415739315478,-0.339178266649216
1,-0.3656264914763244,-0.9734295691378094,-0.36491778611459963,0.48060060601844773,-0.3866415739315478,-0.34264242224040925
2,-0.32178214642964426,-1.7152719728075387,-0.36491778611459963,0.7948499012015992,-0.3866415739315478,-0.3149291775108633
1,-0.15188530937375877,0.6338956388132708,-0.0023743682442779043,0.1663513108352956,-0.4188778324373887,-0.17982710945432664
1,-0.1628463956354288,0.7575360394248923,-0.331959293580934,-0.4621472795310079,-0.43499596169030913,-0.1763629538631334
1,-0.27245725825212913,1.684839044012054,-0.12596871524552394,-1.0906458698973118,-0.09651524737897979,-0.18675542063671313
2,-0.10804096432707865,1.190277441565568,0.08002186308988612,-0.14789798434785614,-0.3866415739315478,-0.17982710945432664
1,-0.32178214642964426,1.8084794446236756,-0.31548004731410123,0.1663513108352956,-0.3544053154257069,-0.27682346600773755
1,-0.15188530937375877,1.0048168406481355,-0.5997470454169671,-0.2421727729028018,-0.4188778324373887,-0.23871775450461186
2,0.05637532959797185,-1.2207103703610525,-0.4431942058820555,-0.77639657471416,-0.43499596169030913,-0.19714788741029288
1,0.4783771506722681,-0.41704776638551244,0.21185583322454857,1.1090991963847512,-0.2415784106552638,1.1469444819726873
2,-0.3601459483454894,-0.7261487679145663,-0.5173508140828031,-0.08504812531122573,-0.2738146691611047,-0.30107255514609027
1,0.829131911045709,-0.29340736577389087,0.0099850664558467,-0.4621472795310079,-0.3866415739315478,0.4679699860988106
1,0.829131911045709,-0.29340736577389087,0.0099850664558467,-0.4621472795310079,-0.3866415739315478,0.4679699860988106
1,-0.3491848620838194,0.3866148375900277,1.3159653331023466,-1.2477705174888876,-0.177105893643582,-0.28375177719012407
1,-0.32178214642964426,0.3866148375900277,0.7886294525636968,-1.4048951650804635,-0.06427898887313895,-0.2629668436429646
1,0.19338890786884724,1.0666370409539463,1.0358181465661889,-0.14789798434785614,0.5643280519907583,-0.15211386472478067
1,-0.3546654052146544,-0.29340736577389087,-0.24544325068006181,-1.0906458698973118,-0.2254602814023434,-0.1902195762279064
2,-0.15736585250459378,1.128457241259757,-0.39787627864826525,2.8374703198920863,-0.3866415739315478,-0.22486113213983885
1,4.353121144172625,-0.6643285676087556,-0.006494179810986106,0.48060060601844773,0.12913856216190633,2.151549603418729
1,4.353121144172625,-0.6643285676087556,-0.006494179810986106,0.48060060601844773,0.12913856216190633,2.151549603418729
1,8.764958364494813,-0.6643285676087556,-0.208364946579688,0.7948499012015992,0.46761927647323576,2.5637841187707253
2,-0.3327432326913143,-1.5298113718901065,-0.6697838420510066,0.009226663243719563,-0.3544053154257069,-0.27682346600773755
2,-0.37110703460715944,2.4266814476817835,-0.42259514804851445,0.48060060601844773,-0.4188778324373887,-0.3080008663284768
1,-0.1957296544204389,0.7575360394248923,-0.4143555249150981,-1.7191444602636152,0.11302043290898596,0.003773136878915465
1,-0.2505350857287891,0.4484350378958385,-0.554429118183177,1.4233484915679027,-0.3866415739315478,-0.2283252877310321
2,-0.33822377582214935,0.7575360394248923,-0.42671495961522266,0.7948499012015992,-0.37052344467862736,-0.30107255514609027
2,-0.11900205058874867,-0.41704776638551244,0.4920030197607063,-0.4621472795310079,-0.11263337663190025,-0.1832912650455199
2,-0.11900205058874867,-0.41704776638551244,0.4920030197607063,-0.4621472795310079,-0.11263337663190025,-0.1832912650455199
1,0.11666130403715702,-0.9116093688319986,0.7886294525636968,-0.14789798434785614,-0.322169056919866,-0.1036156864480752
2,-0.34370431895298437,-1.7152719728075387,-0.5997470454169671,0.7320000421649687,-0.4188778324373887,-0.25603853246057806
1,-0.234093456336284,0.0775138360609738,0.343689803359211,-0.4621472795310079,1.7570696167068711,-0.11400815322165495
1,-0.234093456336284,0.20115423667259535,-0.11360928054539934,-1.0592209403789965,-0.3060509276669456,-0.15211386472478067
1,0.23175270978469237,0.13933403636678457,-0.06417154174490093,0.48060060601844773,-0.09651524737897979,-0.12786477558642792
1,-0.2614961719904591,0.015693635755163023,-0.5049913793826785,0.1663513108352956,-0.14486963513774115,-0.20754035418387262
2,-0.21217128381294395,1.0666370409539463,-0.5379498719163441,0.48060060601844773,-0.43499596169030913,0.00030898128772221763
2,-0.3053405170371392,-0.1697669651622693,1.3983615644365106,-1.0906458698973118,0.5643280519907583,-0.21793282095745237
1,1.788226958941837,0.3247946372842169,0.5126020775942473,0.1663513108352956,-0.11263337663190025,1.6146054867837756
2,-0.3491848620838194,2.488501647987594,-0.34019891671435043,0.1663513108352956,-0.37052344467862736,-0.3287857998756363
2,-0.17928802502793387,-0.6025083673029448,-0.06417154174490093,-0.14789798434785614,-0.2415784106552638,0.23587156148886304
1,-0.24505454259795406,-1.4679911715842957,-0.5791479875834261,1.234798914458012,0.0969023036560655,-0.2872159327813173
1,8.490931207953063,-0.29340736577389087,-0.24956306224677,1.1090991963847512,-0.3544053154257069,2.9448412338019825
1,-0.228612913205449,-0.7879689682203771,-0.4720328868490129,0.1663513108352956,-0.43499596169030913,-0.28375177719012407
1,-0.09159933493457359,0.6338956388132708,-0.34843853984776685,-1.7191444602636152,2.4340310453295295,0.23587156148886304
1,-0.32726268956047927,0.015693635755163023,-0.4967517562492621,-0.77639657471416,-0.4188778324373887,-0.3322499554668295
1,-0.3601459483454894,-0.6643285676087556,-0.5338300603496359,0.1663513108352956,-0.43499596169030913,-0.3149291775108633
1,-0.003910644841213332,-0.41704776638551244,-0.15480739621248135,1.1090991963847512,-0.032042730367298024,1.0256990362809235
1,0.028972613943796768,-0.41704776638551244,-0.38139703238143247,0.7948499012015992,-0.3544053154257069,0.1388752049354521
1,-0.27245725825212913,-0.1697669651622693,-0.07653097644502553,-1.4048951650804635,0.9028087663020877,-0.1694346426807469
1,-0.27245725825212913,-0.1697669651622693,-0.07653097644502553,-1.4048951650804635,0.9028087663020877,-0.1694346426807469
2,-0.2998599739063042,-0.7261487679145663,-0.38139703238143247,0.1663513108352956,-0.4027597031844683,-0.30107255514609027
2,-0.31082106016797423,0.20115423667259535,-0.4761526984157211,-0.14789798434785614,-0.3866415739315478,-0.19368373181909962
1,-0.21217128381294395,0.3866148375900277,0.3148511223922536,-1.0906458698973118,-0.4027597031844683,-0.31839333310205653
2,-0.3327432326913143,1.190277441565568,-0.5997470454169671,1.3919235620495876,-0.3544053154257069,-0.29760839955489704
1,-0.32726268956047927,-0.8497891685261879,-0.5461894950497606,0.1663513108352956,-0.4027597031844683,-0.32532164428444305
1,-0.23957399946711905,0.8193562397307032,-0.5461894950497606,0.1663513108352956,-0.37052344467862736,-0.23178944332222534
1,-0.23957399946711905,0.8193562397307032,-0.5461894950497606,0.1663513108352956,-0.37052344467862736,-0.23178944332222534
1,-0.2505350857287891,0.7575360394248923,-0.34019891671435043,-0.77639657471416,-0.4188778324373887,-0.044725041397789995
1,-0.22313237007461398,0.7575360394248923,-0.13008852681223215,-1.0906458698973118,-0.322169056919866,-0.08283075290091571
1,-0.10256042119624363,0.7575360394248923,0.7391917137631984,-0.4621472795310079,-0.3060509276669456,-0.07590244171852922
1,-0.14092422311208874,0.57207543850746,-0.39375646708155704,2.051847081934207,-0.177105893643582,-0.05165335258017649
1,-0.15188530937375877,-0.4788679666913232,-0.311360235747393,1.4233484915679027,-0.2415784106552638,-0.17982710945432664
1,-0.2943794307754692,1.3139178421771893,-0.2124847581463962,1.4233484915679027,-0.4188778324373887,-0.2906800883725106
2,-0.31082106016797423,0.9429966403423247,-0.311360235747393,-0.14789798434785614,-0.4027597031844683,-0.32185748869324976
1,0.4674160644105981,-1.5916315721959173,-0.43083477118193086,0.7948499012015992,-0.4188778324373887,0.9945216359601843
1,-0.3327432326913143,1.8702996449294864,-0.42259514804851445,-1.0906458698973118,-0.4027597031844683,-0.28028762159893084
1,-0.2943794307754692,1.8702996449294864,-0.35255835141447506,-0.4621472795310079,-0.4027597031844683,-0.29760839955489704
1,-0.32178214642964426,0.4484350378958385,-0.4926319446825539,0.7948499012015992,-0.43499596169030913,-0.32532164428444305
1,-0.3327432326913143,1.437558242788811,-0.5997470454169671,0.1663513108352956,-0.4188778324373887,-0.30453671073728356
2,-0.15736585250459378,-0.9734295691378094,-0.5297102487829277,-0.14789798434785614,-0.4188778324373887,-0.23871775450461186
1,0.5934685564198035,-0.8497891685261879,0.9369426689651921,-0.77639657471416,-0.3866415739315478,-0.32185748869324976
1,0.07829750212131191,1.437558242788811,5.47697501547763,-0.4621472795310079,-0.43499596169030913,0.05919962633800742
2,-0.37658757773799445,1.5611986434004326,-0.595627233850259,1.9889972228975765,-0.3060509276669456,-0.29760839955489704
1,-0.17928802502793387,0.8193562397307032,1.5631540271048388,-1.4048951650804635,-0.0803971181260594,-0.10707984203926844
1,-0.11352150745791366,0.8193562397307032,2.5725078609483485,-1.0906458698973118,-0.14486963513774115,0.11116196020590613
1,-0.3053405170371392,-0.9734295691378094,-0.8881338550865413,1.1090991963847512,-0.37052344467862736,-0.2906800883725106
2,-0.3656264914763244,0.26297443697840617,-0.5873876107168425,0.1663513108352956,-0.4188778324373887,-0.339178266649216
1,0.6208712720739785,-0.7261487679145663,-0.13420833837894036,0.9519745487931752,-0.20934215214942292,0.1458035161178386
1,-0.1957296544204389,-0.7879689682203771,-0.2207243812798126,1.234798914458012,-0.43499596169030913,-0.2733593104165443
1,-0.12448259371958369,-1.9007325737249712,-0.08889041114515014,1.4233484915679027,-0.3060509276669456,-0.22486113213983885
2,-0.2888988876446342,-1.962552774030782,0.12121997875696815,0.1663513108352956,-0.43499596169030913,-0.18675542063671313
1,-0.2614961719904591,0.8193562397307032,0.03058412428938771,0.1663513108352956,-0.4027597031844683,-0.1763629538631334
1,-0.2614961719904591,-1.653451772501728,1.019338900299356,-0.77639657471416,-0.43499596169030913,-0.2629668436429646
1,0.2098305372613523,0.9429966403423247,-0.21660456971310438,-0.4621472795310079,0.11302043290898596,0.8317063231741015
1,1.815629674596012,0.9429966403423247,-0.31548004731410123,-0.5249971385676383,0.38702863020863354,2.5637841187707253
1,1.771785329549332,0.9429966403423247,0.07178223995646972,-0.77639657471416,0.5643280519907583,2.3697914056639036
1,1.815629674596012,0.9429966403423247,0.03058412428938771,-1.0906458698973118,0.8544543785433263,2.5637841187707253
1,0.7633653934756889,0.9429966403423247,-0.35667816298118327,-0.77639657471416,0.4031467594615539,1.004914102733764
1,0.2481943391771974,0.9429966403423247,-0.5049913793826785,-0.77639657471416,0.3064379839440313,0.319011295677501
1,-0.3053405170371392,1.8702996449294864,-0.035332860777943516,0.1663513108352956,-0.3866415739315478,-0.30107255514609027
1,0.11666130403715702,-0.35522756607970163,0.03058412428938771,-0.4621472795310079,0.08078417440314505,1.801669888708211
1,0.5989490995506385,-0.35522756607970163,-0.311360235747393,-0.77639657471416,0.5320917934849174,2.91019967789005
1,0.08925858838298195,-1.653451772501728,-0.10536965741198294,0.48060060601844773,-0.43499596169030913,0.17698091643857783
1,1.2456531889891702,-1.653451772501728,0.08826148622330253,0.48060060601844773,-0.4188778324373887,1.0222348806897303
2,-0.2943794307754692,-1.097069969749431,-0.5338300603496359,-0.5878469976042687,-0.43499596169030913,-0.28375177719012407
2,-0.32726268956047927,-1.097069969749431,-0.1960055118795634,-0.77639657471416,-0.4188778324373887,-0.30107255514609027
1,-0.24505454259795406,-1.7152719728075387,-0.2742819316470192,1.8947224343426308,-0.3866415739315478,-0.22486113213983885
2,-0.3656264914763244,0.6338956388132708,-0.270162120080311,0.7948499012015992,-0.4027597031844683,-0.30107255514609027
1,-0.32726268956047927,1.128457241259757,-0.4967517562492621,-0.4621472795310079,-0.4511140909432296,-0.28375177719012407
2,-0.2669767151212941,-0.540688166997134,-0.5997470454169671,0.1663513108352956,0.3225561131969517,-0.062045819353756235
2,-0.2669767151212941,-0.540688166997134,-0.5997470454169671,0.1663513108352956,0.3225561131969517,-0.062045819353756235
2,-0.28341834451379916,-0.540688166997134,-0.5461894950497606,-1.4048951650804635,-0.4027597031844683,-0.24564606568699834
2,-0.28341834451379916,-0.540688166997134,-0.5461894950497606,-1.4048951650804635,-0.4027597031844683,-0.24564606568699834
2,-0.3053405170371392,-0.540688166997134,0.8051086988305296,-0.14789798434785614,-0.3866415739315478,-0.2629668436429646
2,-0.38206812086882946,-1.2825305706668633,-0.42259514804851445,-0.7449716451958448,-0.4188778324373887,-0.34610657783160254
1,-0.2614961719904591,0.20115423667259535,-0.13832814994564857,-1.0277960108606814,-0.015924601114377566,0.0210939148348817
2,-0.0970798780654086,-1.097069969749431,-0.4596734521488883,0.48060060601844773,-0.33828718617278647,-0.24564606568699834
1,-0.31082106016797423,1.8084794446236756,-0.07653097644502553,-1.0906458698973118,-0.43499596169030913,-0.04126088580659675
2,0.5496242113731233,0.3247946372842169,1.5260757230044648,-0.8706713632691053,0.4031467594615539,0.6065362097465405
2,0.0399337002054668,0.3247946372842169,5.312182552809302,-1.0906458698973118,0.6449186982553606,-0.15904217590716715
1,-0.03679390362622343,0.20115423667259535,5.518173131144713,-1.0906458698973118,-0.4188778324373887,0.13541104934425885
1,10.518732166362017,-0.7879689682203771,-0.39787627864826525,1.1090991963847512,1.5152976779130645,9.824654237911771
1,6.956379131319257,-0.7879689682203771,-0.04357248391135992,0.1663513108352956,2.031077814006519,5.161900812165661
1,6.408324818235756,-0.7879689682203771,0.03058412428938771,-0.14789798434785614,2.369558528317848,3.256615237009375
1,2.199267693754463,-0.7879689682203771,0.03882374742280411,-0.14789798434785614,3.1754649909638704,0.571894653834608
1,1.3223807928208606,-0.7879689682203771,-0.0023743682442779043,-0.77639657471416,3.127110603205109,0.010701448061301959
2,-0.11352150745791366,0.8193562397307032,-0.42259514804851445,1.4233484915679027,-0.25769653990818425,-0.08975906408330221
1,-0.3491848620838194,1.190277441565568,-0.4637932637155965,-0.14789798434785614,-0.4027597031844683,-0.31839333310205653
2,-0.24505454259795406,-1.0352497694436202,-0.4679130752823047,1.4233484915679027,-0.43499596169030913,-0.28028762159893084
2,-0.1957296544204389,0.9429966403423247,-0.36903759768130784,-0.77639657471416,-0.2415784106552638,-0.2941442439637038
1,0.2865581410930425,0.20115423667259535,2.1069691539103212,-0.4621472795310079,0.4031467594615539,-0.07590244171852922
1,-0.1902491112896039,1.190277441565568,-0.17540645404602237,-0.14789798434785614,-0.04816085962021848,-0.2421819100958051
1,-0.10804096432707865,0.8193562397307032,6.614043007889094,0.009226663243719563,-0.25769653990818425,-0.09322321967449546
1,-0.12996313685041871,0.015693635755163023,-0.11360928054539934,-0.4621472795310079,-0.0803971181260594,-0.1555780203159739
1,-0.1683269387662638,0.015693635755163023,0.9122237995649428,-0.4621472795310079,-0.015924601114377566,-0.17982710945432664
2,-0.34370431895298437,1.5611986434004326,-0.2207243812798126,-0.6192719271225839,-0.4188778324373887,-0.28375177719012407
2,-0.2560156288596241,-1.653451772501728,-0.37727722081472426,0.6691501831283383,-0.4027597031844683,-0.2733593104165443
1,-0.3491848620838194,0.5102552382016493,-0.21660456971310438,-0.4621472795310079,-0.3866415739315478,-0.3322499554668295
1,-0.2505350857287891,-1.653451772501728,-0.4637932637155965,0.48060060601844773,-0.2415784106552638,-0.25603853246057806
1,6.408324818235756,1.3139178421771893,3.3758711164564477,-1.4048951650804635,1.2896438683721785,16.69407477524798
1,-0.10256042119624363,0.0775138360609738,0.08002186308988612,-1.0906458698973118,0.2258473376794291,-0.06897413053614272
1,-0.047754989887893465,-1.653451772501728,-0.035332860777943516,-0.4621472795310079,-0.4027597031844683,0.10423364902351964
1,-0.047754989887893465,-1.653451772501728,-0.035332860777943516,-0.4621472795310079,-0.4027597031844683,0.10423364902351964
1,-0.3053405170371392,-1.8389123734191604,0.36840867275946027,1.7375977867510548,-0.4027597031844683,-0.15211386472478067
2,-0.3327432326913143,0.9429966403423247,-0.43083477118193086,0.48060060601844773,-0.43499596169030913,-0.3080008663284768
1,-0.3601459483454894,1.3139178421771893,-0.5420696834830523,-1.7191444602636152,0.14525669141482686,-0.27682346600773755
1,0.018011527682126733,-0.9116093688319986,0.17065771755746656,-0.14789798434785614,-0.2738146691611047,0.10076949343232638
1,0.018011527682126733,-0.9116093688319986,0.17065771755746656,-0.14789798434785614,-0.2738146691611047,0.10076949343232638
1,-0.0970798780654086,0.015693635755163023,-0.4184753364818063,0.1663513108352956,0.032429786644383736,-0.07936659730972247
2,-0.34370431895298437,1.2520976418713785,-0.36903759768130784,0.48060060601844773,-0.4027597031844683,-0.30453671073728356
1,-0.32726268956047927,1.3139178421771893,-0.5049913793826785,-1.7191444602636152,-0.06427898887313895,-0.24911022127819157
1,-0.3327432326913143,1.2520976418713785,0.41784641155995866,0.48060060601844773,-0.4188778324373887,-0.27682346600773755
1,-0.3327432326913143,0.3247946372842169,-0.36491778611459963,2.2403966590440976,-0.3866415739315478,-0.2906800883725106
1,-0.32726268956047927,0.9429966403423247,-0.01885361451111071,0.7948499012015992,-0.4027597031844683,-0.2872159327813173
2,-0.27793780138296414,0.6957158391190816,-0.45555364058218006,0.7948499012015992,-0.3544053154257069,-0.2352535989134186
1,-0.34370431895298437,0.3247946372842169,-0.29900080104726845,0.040651592762034776,-0.2738146691611047,-0.31146502191967
1,-0.3327432326913143,0.0775138360609738,-0.4473140174487637,-0.14789798434785614,-0.4027597031844683,-0.2421819100958051
2,-0.2998599739063042,0.4484350378958385,-0.4637932637155965,0.7948499012015992,-0.43499596169030913,-0.2872159327813173
1,-0.1957296544204389,-0.6643285676087556,-0.0023743682442779043,-0.14789798434785614,0.4192648887144744,0.42640011900449165
1,-0.12448259371958369,-0.6643285676087556,0.03058412428938771,-0.77639657471416,0.8705725077962467,0.09730533784113314
1,-0.05871607614956349,-0.7879689682203771,0.7062332212295328,0.1663513108352956,-0.3866415739315478,-0.09668737526568871
1,-0.3327432326913143,1.684839044012054,-0.3896366555148489,-1.4048951650804635,-0.4188778324373887,-0.25950268805177135
1,-0.3327432326913143,1.684839044012054,-0.3896366555148489,-1.4048951650804635,-0.4188778324373887,-0.25950268805177135
1,-0.24505454259795406,0.3247946372842169,-0.035332860777943516,0.48060060601844773,-0.33828718617278647,-0.2698951548253511
1,0.32492194300888766,0.9429966403423247,1.8927389524414948,-1.0906458698973118,1.241289480613417,0.8317063231741015
1,0.10021967464465198,0.9429966403423247,3.128682422453956,-0.4621472795310079,1.3218801268780191,0.26704896180960225
1,-0.20669074068210894,0.9429966403423247,1.2706474058685564,-1.4048951650804635,0.4031467594615539,-0.15211386472478067
1,-0.21217128381294395,-0.35522756607970163,-0.45555364058218006,1.3604986325312722,-0.2254602814023434,-0.16597048708955364
1,-0.21217128381294395,-0.35522756607970163,-0.45555364058218006,1.3604986325312722,-0.2254602814023434,-0.16597048708955364
1,-0.37110703460715944,0.20115423667259535,-0.035332860777943516,-1.342045306043833,0.1936110791735882,-0.12440061999523469
1,-0.22313237007461398,0.6338956388132708,0.17065771755746656,-1.0906458698973118,11.556892202482501,-0.15211386472478067
1,-0.09159933493457359,0.13933403636678457,0.005865254889138499,-1.4991699536354093,-0.04816085962021848,-0.1486497091335874
1,-0.15188530937375877,0.9429966403423247,2.766139004583634,-0.14789798434785614,3.1432287324580295,-0.23871775450461186
1,-0.2614961719904591,0.9429966403423247,2.7167012657831355,-0.4621472795310079,0.9028087663020877,-0.2698951548253511
1,-0.2888988876446342,1.684839044012054,-0.37315740924801605,-0.053623195792910514,-0.25769653990818425,-0.25257437686938483
1,1.6292912081476214,-0.04612656455064776,0.03058412428938771,0.1663513108352956,-0.2254602814023434,1.7046735321547999
1,-0.2505350857287891,0.6338956388132708,1.8927389524414948,-1.4991699536354093,1.7409514874539507,-0.1625063314983604
1,-0.17928802502793387,-0.8497891685261879,-0.4761526984157211,2.051847081934207,-0.43499596169030913,-0.2629668436429646
1,-0.17928802502793387,-0.8497891685261879,-0.4761526984157211,2.051847081934207,-0.43499596169030913,-0.2629668436429646
1,-0.20669074068210894,-0.8497891685261879,-0.38139703238143247,0.7948499012015992,-0.4027597031844683,-0.2733593104165443
1,0.1714667353455072,0.6338956388132708,0.7886294525636968,-0.4621472795310079,-0.4027597031844683,-0.0377967302154035
1,-0.05323553301872848,1.8702996449294864,3.0050880754527096,-0.77639657471416,1.853778392224394,-0.2352535989134186
1,-0.23957399946711905,1.8702996449294864,1.1182143779003528,-1.4048951650804635,1.1768169636017352,-0.28028762159893084
1,-0.27793780138296414,1.8702996449294864,0.39312754215970946,-1.467745024117094,0.7577456030258037,-0.2941442439637038
1,-0.31630160329880924,1.8702996449294864,-0.16716683091260598,-1.4048951650804635,-0.0803971181260594,-0.28028762159893084
1,-0.2614961719904591,1.8702996449294864,-0.29900080104726845,0.1663513108352956,-0.06427898887313895,-0.25257437686938483
2,-0.24505454259795406,1.2520976418713785,-0.4967517562492621,-1.1534957289339423,-0.2254602814023434,-0.23178944332222534
1,-0.3327432326913143,-0.29340736577389087,-0.4926319446825539,-0.4621472795310079,-0.43499596169030913,-0.32185748869324976
1,-0.34370431895298437,1.190277441565568,-0.36903759768130784,1.4233484915679027,-0.3544053154257069,-0.3149291775108633
2,-0.11352150745791366,-0.41704776638551244,0.03058412428938771,0.1663513108352956,-0.28993279841402514,-0.023940107850630513
1,-0.009391187972048349,0.9429966403423247,1.8927389524414948,-0.8078215042324752,-0.015924601114377566,0.12155442697948587
1,0.18242782160717722,0.9429966403423247,-0.4102357133483899,-1.0906458698973118,-0.19322402289650245,0.4748982972811971
1,-0.21217128381294395,0.9429966403423247,1.3324445793691795,-1.0906458698973118,-0.2254602814023434,-0.24911022127819157
2,-0.2669767151212941,0.20115423667259535,-0.29900080104726845,-0.14789798434785614,-0.4027597031844683,-0.28375177719012407
1,0.2043499941305173,0.9429966403423247,0.09650110935671893,1.0148244078298057,0.48373740572615614,0.014165603652495206
1,0.14406401969133212,0.9429966403423247,-0.13832814994564857,0.5434504650550781,0.4031467594615539,-0.020475952259437265
1,-0.009391187972048349,0.9429966403423247,-0.07653097644502553,0.48060060601844773,-0.16098776439066162,-0.20407619859267936
2,-0.27793780138296414,0.26297443697840617,-0.34843853984776685,0.35490088794518687,-0.322169056919866,-0.2941442439637038
2,-0.17928802502793387,0.26297443697840617,-0.3360791051476422,0.48060060601844773,-0.20934215214942292,-0.2698951548253511
1,-0.27793780138296414,0.9429966403423247,3.4335484783903625,-1.4048951650804635,-0.14486963513774115,-0.19368373181909962
1,-0.15736585250459378,0.9429966403423247,1.5384351577045896,-1.310620376525518,-0.20934215214942292,-0.020475952259437265
1,-0.37658757773799445,-1.1588901700552419,-0.6121064801170918,-0.6192719271225839,-0.43499596169030913,-0.2698951548253511
2,-0.32178214642964426,-0.2315871654680801,-0.5008715678159703,-0.14789798434785614,-0.3866415739315478,-0.31839333310205653
1,3.8872749780516482,-2.3334739758656466,4.653012702135991,-1.7191444602636152,3.852426419586529,3.256615237009375
1,-0.1683269387662638,0.26297443697840617,-0.29900080104726845,-0.14789798434785614,-0.43499596169030913,-0.19714788741029288
1,-0.1683269387662638,0.26297443697840617,-0.29900080104726845,-0.14789798434785614,-0.43499596169030913,-0.19714788741029288
2,-0.33822377582214935,-0.41704776638551244,-0.5997470454169671,0.26062609939024123,-0.4027597031844683,-0.30107255514609027
2,-0.2943794307754692,-1.4679911715842957,-0.6121064801170918,0.7948499012015992,-0.37052344467862736,-0.3080008663284768
2,-0.2943794307754692,-1.4679911715842957,-0.6409451610840492,0.1663513108352956,-0.4188778324373887,-0.2906800883725106
1,-0.2888988876446342,0.015693635755163023,-0.5255904372162196,0.48060060601844773,-0.1287515058848207,-0.30453671073728356
1,-0.1683269387662638,-0.29340736577389087,-0.022973426077818913,-0.77639657471416,0.04854791589730419,-0.17289879827194016
1,4.7641618789852505,-0.29340736577389087,0.24481432575821419,1.1090991963847512,0.0969023036560655,4.815485253046336
1,-0.15188530937375877,1.5611986434004326,-0.29076117791385203,-0.8392464337507901,-0.3866415739315478,-0.05165335258017649
1,-0.31630160329880924,0.015693635755163023,-0.4184753364818063,1.0466604089536875e-15,-0.3866415739315478,-0.2664309992341578
1,-0.3327432326913143,-1.0352497694436202,-0.4143555249150981,1.4233484915679027,-0.4027597031844683,-0.3322499554668295
1,-0.11352150745791366,-0.1697669651622693,-0.29488098948056024,-0.4621472795310079,-0.09651524737897979,0.24279987267124953
2,0.007050441420456701,-1.406170971278485,-0.5379498719163441,0.7948499012015992,-0.09651524737897979,0.05919962633800742
1,-0.3053405170371392,-2.2716537755598356,0.4549247156603325,-0.4621472795310079,-0.3866415739315478,-0.17982710945432664
1,-0.34370431895298437,-0.41704776638551244,-0.45555364058218006,0.1663513108352956,-0.25769653990818425,-0.2629668436429646
2,-0.3491848620838194,1.3139178421771893,-0.7851385659188362,2.994594967483662,-0.43499596169030913,0.13194689375306562
2,-0.24505454259795406,0.6338956388132708,-0.719221580851505,0.1663513108352956,-0.3866415739315478,-0.32532164428444305
1,-0.27793780138296414,0.26297443697840617,-0.5420696834830523,1.7375977867510548,-0.3544053154257069,-0.2733593104165443
2,-0.234093456336284,-2.3952941761714572,-0.006494179810986106,-0.77639657471416,-0.43499596169030913,-0.27682346600773755
1,-0.21765182694377896,-0.4788679666913232,-0.6821432767511312,0.48060060601844773,-0.4027597031844683,-0.24564606568699834
1,-0.2943794307754692,-0.4788679666913232,-0.5915074222835507,0.1663513108352956,-0.4027597031844683,-0.2213969765486456
1,-0.234093456336284,0.13933403636678457,-0.40611590178168167,1.4233484915679027,-0.3866415739315478,-0.29760839955489704
1,-0.22313237007461398,0.13933403636678457,-0.10536965741198294,0.1663513108352956,-0.3866415739315478,-0.28375177719012407
2,-0.3327432326913143,0.3247946372842169,-0.4761526984157211,2.3660963771173584,-0.3544053154257069,-0.3149291775108633
1,-0.13544367998125373,1.5611986434004326,0.4508049040936243,0.48060060601844773,-0.25769653990818425,-0.2283252877310321
1,-0.1957296544204389,-1.1588901700552419,-0.7027423345846722,0.1663513108352956,-0.43499596169030913,-0.20407619859267936
1,-0.234093456336284,-1.1588901700552419,-0.4843923215491375,0.1663513108352956,-0.322169056919866,-0.16597048708955364
1,-0.34370431895298437,1.437558242788811,-0.43083477118193086,1.4233484915679027,-0.4188778324373887,-0.3287857998756363
2,-0.2998599739063042,1.2520976418713785,-0.36491778611459963,-0.14789798434785614,-0.37052344467862736,-0.3357141110580228
1,-0.2998599739063042,0.0775138360609738,-0.0023743682442779043,0.1663513108352956,-0.43499596169030913,-0.3080008663284768
2,-0.10804096432707865,1.0048168406481355,-0.3896366555148489,1.1090991963847512,-0.28993279841402514,-0.08629490849210897
1,0.02349207081296175,1.0048168406481355,-0.035332860777943516,0.1663513108352956,-0.4027597031844683,0.41947180782210514
1,0.3742468311864028,0.3247946372842169,-0.5503093066164687,-1.0906458698973118,-0.09651524737897979,0.1596601384826116
1,-0.17928802502793387,-0.7261487679145663,7.49568268316465,-0.14789798434785614,-0.20934215214942292,-0.07243828612733598
1,-0.2669767151212941,-0.29340736577389087,-0.022973426077818913,-0.4621472795310079,-0.3866415739315478,-0.2872159327813173
1,0.818170824784039,0.9429966403423247,0.2860124414252962,-0.4621472795310079,-0.28993279841402514,0.6515702324320527
2,-0.12996313685041871,-1.406170971278485,0.03882374742280411,-0.14789798434785614,-0.4027597031844683,-0.2421819100958051
1,-0.3327432326913143,-0.6025083673029448,-0.5461894950497606,0.1663513108352956,-0.3866415739315478,-0.32532164428444305
2,-0.22313237007461398,-0.6025083673029448,-0.4143555249150981,2.6803456723005104,-0.3866415739315478,-0.25950268805177135
1,-0.0641966192803985,-0.29340736577389087,-0.3896366555148489,-0.4621472795310079,-0.3866415739315478,-0.2144686653662591
2,-0.2669767151212941,0.20115423667259535,-0.5173508140828031,0.1663513108352956,-0.4188778324373887,-0.27682346600773755
1,-0.31082106016797423,0.3866148375900277,-0.24956306224677,1.0466604089536875e-15,-0.4027597031844683,-0.2213969765486456
1,-0.27793780138296414,-0.9734295691378094,-0.35255835141447506,0.1663513108352956,-0.4027597031844683,-0.30107255514609027
1,-0.3053405170371392,-1.0352497694436202,0.10474073249013534,2.6803456723005104,-0.3866415739315478,-0.30107255514609027
1,-0.3327432326913143,0.57207543850746,-0.29900080104726845,-1.0906458698973118,-0.4027597031844683,-0.3149291775108633
1,-0.3601459483454894,0.57207543850746,-0.0023743682442779043,-0.4621472795310079,-0.3866415739315478,-0.31839333310205653
1,-0.32178214642964426,0.6338956388132708,-0.07653097644502553,-0.77639657471416,-0.2415784106552638,-0.10707984203926844
1,-0.3053405170371392,0.6338956388132708,-0.4143555249150981,-0.4621472795310079,-0.3866415739315478,-0.28375177719012407
1,-0.23957399946711905,-0.29340736577389087,-0.36491778611459963,0.1663513108352956,-0.4188778324373887,-0.28028762159893084
1,-0.2888988876446342,-0.7261487679145663,0.854546437631028,-0.77639657471416,-0.33828718617278647,-0.2941442439637038
1,-0.234093456336284,-0.7261487679145663,0.7803898294302805,-0.4621472795310079,-0.19322402289650245,-0.30453671073728356
1,-0.23957399946711905,-0.7261487679145663,1.6043521427719207,-0.4621472795310079,-0.3866415739315478,-0.2421819100958051
2,-0.17928802502793387,1.2520976418713785,-0.13420833837894036,0.7948499012015992,-0.3544053154257069,-0.2421819100958051
2,-0.37658757773799445,-0.6025083673029448,-0.45555364058218006,1.0466604089536875e-15,-0.43499596169030913,-0.3287857998756363
2,0.050894786467136834,-0.41704776638551244,-0.5709083644500097,1.4233484915679027,-0.4188778324373887,-0.3080008663284768
1,0.04541424333630181,-0.41704776638551244,2.3417984132126892,0.1663513108352956,-0.25769653990818425,-0.2144686653662591
1,-0.31630160329880924,0.3247946372842169,2.5148304990144337,0.7948499012015992,-0.3866415739315478,-0.32185748869324976
1,0.36876628805556777,-0.04612656455064776,0.18301715225759116,0.48060060601844773,-0.4027597031844683,-0.08283075290091571
2,-0.27245725825212913,-0.540688166997134,-0.4473140174487637,1.4233484915679027,-0.4027597031844683,-0.2629668436429646
1,-0.08611879180373858,-0.1697669651622693,-0.022973426077818913,-1.0906458698973118,4.384324684932904,0.06959209311158716
1,-0.13544367998125373,-0.1697669651622693,-0.18776588874614697,-1.4048951650804635,2.1116684602711207,-0.07936659730972247
1,0.6811572465131637,-0.7261487679145663,0.8833851185979854,0.1663513108352956,-0.28993279841402514,0.10423364902351964
1,-0.14092422311208874,-1.653451772501728,-0.2578026853801864,1.1090991963847512,-0.4027597031844683,-0.19368373181909962
1,-0.3053405170371392,-0.41704776638551244,-0.4349545827486391,-0.77639657471416,-0.4027597031844683,-0.3080008663284768
2,-0.14092422311208874,-0.41704776638551244,-0.17952626561273058,1.3604986325312722,-0.4027597031844683,-0.062045819353756235
2,-0.27793780138296414,-2.518934576783079,0.2365747026247978,0.1663513108352956,-0.3866415739315478,-0.2629668436429646
1,-0.234093456336284,1.0666370409539463,-0.39375646708155704,1.7375977867510548,-0.33828718617278647,-0.19368373181909962
1,-0.37658757773799445,-0.10794676485645853,-0.6203461032505081,2.6803456723005104,-0.3866415739315478,-0.28028762159893084
1,-0.1683269387662638,-0.29340736577389087,0.27777281829187983,-1.4048951650804635,1.8054240044656327,-0.12093646440404143
1,-0.3601459483454894,-1.1588901700552419,-0.7439404502517541,1.1090991963847512,-0.43499596169030913,-0.31146502191967
1,0.08377804525214692,-0.4788679666913232,-0.228964004413229,0.1663513108352956,-0.4188778324373887,-0.19368373181909962
2,0.3906884605789078,-2.518934576783079,0.6979935980961164,-0.14789798434785614,-0.4027597031844683,0.41947180782210514
1,1.6950577257176416,-1.4679911715842957,0.36840867275946027,0.1663513108352956,2.4501491745824504,1.3513296618530888
1,-0.3601459483454894,-0.9116093688319986,-0.11772909211210755,0.7948499012015992,-0.4188778324373887,-0.31839333310205653
1,-0.3053405170371392,-0.7261487679145663,-0.3896366555148489,0.1663513108352956,-0.2415784106552638,-0.30453671073728356
2,-0.32178214642964426,-1.1588901700552419,-0.45555364058218006,0.1663513108352956,-0.2254602814023434,-0.3149291775108633
2,-0.3053405170371392,-0.6025083673029448,-0.4143555249150981,0.7948499012015992,-0.3866415739315478,-0.31146502191967
1,-0.1957296544204389,0.9429966403423247,-0.4143555249150981,-0.4621472795310079,-0.20934215214942292,-0.2421819100958051
1,-0.3053405170371392,0.015693635755163023,-0.3360791051476422,0.1663513108352956,-0.177105893643582,-0.31146502191967
1,-0.34370431895298437,0.20115423667259535,-0.6038668569836754,0.1663513108352956,-0.37052344467862736,-0.3322499554668295
1,-0.13544367998125373,0.8193562397307032,-0.6903828998845476,0.1663513108352956,-0.4027597031844683,-0.2144686653662591
2,-0.34370431895298437,0.3247946372842169,-0.40611590178168167,1.1090991963847512,-0.4188778324373887,-0.3287857998756363
1,-0.37658757773799445,0.3247946372842169,-0.42259514804851445,-0.14789798434785614,-0.4188778324373887,-0.3322499554668295
2,-0.3875486639996645,-1.653451772501728,0.10474073249013534,-1.4048951650804635,-0.322169056919866,-0.3080008663284768
1,-0.27793780138296414,-1.653451772501728,0.03882374742280411,0.1663513108352956,-0.3866415739315478,-0.2144686653662591
1,-0.28341834451379916,-1.962552774030782,1.1717719282675596,-0.14789798434785614,-0.28993279841402514,-0.29760839955489704
1,-0.3601459483454894,-0.6643285676087556,-0.40611590178168167,0.7948499012015992,-0.4027597031844683,-0.339178266649216
2,-0.3601459483454894,-0.10794676485645853,-0.5585489297498851,0.1663513108352956,-0.322169056919866,-0.31146502191967
1,-0.3546654052146544,0.3247946372842169,-0.2124847581463962,-0.14789798434785614,-0.37052344467862736,-0.24564606568699834
1,0.21531108039218733,0.7575360394248923,0.10062092092342714,1.1090991963847512,0.1936110791735882,-0.01701179666824402
1,-0.17928802502793387,0.015693635755163023,-0.16716683091260598,0.1663513108352956,-0.37052344467862736,-0.2283252877310321
2,-0.2669767151212941,0.9429966403423247,-0.4802725099824293,0.48060060601844773,-0.4188778324373887,-0.3322499554668295
1,-0.32178214642964426,0.015693635755163023,-0.18776588874614697,-0.14789798434785614,-0.43499596169030913,-0.29760839955489704
2,-0.23957399946711905,-1.344350770972674,-0.4102357133483899,0.7948499012015992,-0.3544053154257069,-0.23871775450461186
1,-0.3053405170371392,-1.406170971278485,0.20361621009113218,0.48060060601844773,-0.14486963513774115,-0.3080008663284768
1,-0.014871731102883364,-1.406170971278485,-0.36491778611459963,-0.14789798434785614,-0.43499596169030913,-0.23871775450461186
1,-0.3546654052146544,1.8084794446236756,-0.2330838159799372,0.1663513108352956,-0.3866415739315478,-0.3149291775108633
2,-0.31082106016797423,-1.2207103703610525,-0.5420696834830523,2.3660963771173584,-0.3866415739315478,-0.2941442439637038
1,-0.2998599739063042,-0.8497891685261879,-0.4143555249150981,-0.14789798434785614,-0.3544053154257069,-0.3287857998756363
2,-0.22313237007461398,-1.2825305706668633,-0.39375646708155704,0.7948499012015992,-0.3866415739315478,-0.25950268805177135
2,-0.2669767151212941,0.8193562397307032,-0.45555364058218006,0.48060060601844773,-0.4027597031844683,-0.2941442439637038
1,-0.32726268956047927,0.3866148375900277,-0.04357248391135992,-0.4621472795310079,-0.3866415739315478,-0.27682346600773755
1,-0.2888988876446342,0.3247946372842169,0.5743992510948703,0.1663513108352956,-0.25769653990818425,-0.2698951548253511
2,-0.34370431895298437,0.3247946372842169,-0.34843853984776685,0.1663513108352956,-0.4188778324373887,-0.32185748869324976
1,-0.32726268956047927,0.6338956388132708,-0.5585489297498851,1.4233484915679027,-0.4027597031844683,-0.32185748869324976
2,-0.24505454259795406,0.57207543850746,-0.39375646708155704,-0.14789798434785614,-0.3060509276669456,-0.32532164428444305
1,-0.03679390362622343,0.20115423667259535,1.2253294786347662,-1.7191444602636152,-0.2738146691611047,0.010701448061301959
1,-0.32726268956047927,-0.9116093688319986,-0.4802725099824293,0.1663513108352956,-0.4027597031844683,-0.21793282095745237
1,-0.32178214642964426,0.015693635755163023,-0.5173508140828031,0.1663513108352956,-0.4027597031844683,-0.31839333310205653
1,0.5331825819806183,0.20115423667259535,0.9740209730655659,0.48060060601844773,-0.3544053154257069,0.48529076405477684
1,-0.17928802502793387,0.3866148375900277,-0.4761526984157211,1.1090991963847512,-0.4027597031844683,-0.30453671073728356
1,-0.20669074068210894,0.57207543850746,1.1676521167008513,-0.14789798434785614,3.2077012494697112,-0.21793282095745237
2,-0.3053405170371392,-1.097069969749431,-0.760419696518587,1.0466604089536875e-15,-0.322169056919866,-0.19368373181909962
2,-0.3053405170371392,-0.9116093688319986,-0.5461894950497606,1.1090991963847512,-0.4027597031844683,-0.30453671073728356
1,-0.31082106016797423,-1.1588901700552419,-0.39375646708155704,0.7948499012015992,-0.20934215214942292,-0.1555780203159739
2,-0.34370431895298437,-1.406170971278485,-0.4596734521488883,0.7948499012015992,-0.3866415739315478,-0.3080008663284768
2,-0.28341834451379916,-0.04612656455064776,-0.4473140174487637,0.1663513108352956,-0.3866415739315478,-0.09668737526568871
1,-0.21217128381294395,-0.6025083673029448,-0.38139703238143247,0.1663513108352956,-0.4188778324373887,-0.27682346600773755
1,0.5386631251114533,-0.41704776638551244,-0.3072404241806848,1.1090991963847512,0.06466604515022466,0.42293596341329837
2,-0.32726268956047927,-1.9007325737249712,0.08002186308988612,0.1663513108352956,-0.3866415739315478,-0.32532164428444305
1,-0.27245725825212913,-0.9116093688319986,-0.9375715938870397,1.4233484915679027,-0.4188778324373887,-0.2872159327813173
1,-0.27793780138296414,-0.9116093688319986,-0.38139703238143247,0.48060060601844773,-0.4027597031844683,-0.17982710945432664
1,-0.24505454259795406,-0.540688166997134,-0.35255835141447506,0.7948499012015992,-0.25769653990818425,-0.2629668436429646
2,-0.18476856815876888,-2.024372974336593,0.047063370556220514,0.48060060601844773,-0.4027597031844683,-0.1486497091335874
1,-0.21217128381294395,0.9429966403423247,-0.4926319446825539,0.1663513108352956,-0.11263337663190025,-0.25257437686938483
2,-0.2943794307754692,-0.1697669651622693,-0.5461894950497606,-0.4621472795310079,-0.4027597031844683,-0.30107255514609027
2,0.434532805625588,-0.540688166997134,0.27777281829187983,0.48060060601844773,-0.33828718617278647,-0.06897413053614272
2,-0.38206812086882946,-1.2825305706668633,-0.4802725099824293,0.1663513108352956,0.00019352813854282144,-0.2664309992341578
2,-0.28341834451379916,-0.10794676485645853,-0.40611590178168167,-0.14789798434785614,-0.4027597031844683,-0.31146502191967
2,-0.3656264914763244,-1.4679911715842957,-0.32783948201422586,0.7948499012015992,-0.4188778324373887,-0.30107255514609027
1,-0.14640476624292376,-1.1588901700552419,-0.5503093066164687,-0.4621472795310079,-0.20934215214942292,-0.14518555354239418
1,-0.10256042119624363,-1.1588901700552419,-0.331959293580934,-1.0906458698973118,-0.25769653990818425,-0.18675542063671313
1,-0.003910644841213332,-1.1588901700552419,-0.13420833837894036,-0.4621472795310079,0.6126824397495196,0.010701448061301959
2,-0.32726268956047927,-0.540688166997134,-0.5709083644500097,0.48060060601844773,-0.4188778324373887,-0.2941442439637038
1,-0.3491848620838194,-1.962552774030782,0.24481432575821419,0.48060060601844773,-0.4188778324373887,-0.29760839955489704
1,-0.31082106016797423,-1.962552774030782,-0.4473140174487637,0.7948499012015992,-0.4188778324373887,-0.3149291775108633
1,0.6427934445973186,1.8702996449294864,0.6897539749627,0.1663513108352956,0.548209922737838,0.11462611579709937
1,0.02349207081296175,1.8702996449294864,0.3478096149259192,-0.4621472795310079,-0.1287515058848207,-0.14518555354239418
1,-0.009391187972048349,1.8702996449294864,0.47140396192716527,-0.14789798434785614,-0.2415784106552638,-0.20754035418387262
1,-0.1683269387662638,1.8702996449294864,-0.311360235747393,-0.77639657471416,-0.3060509276669456,-0.27682346600773755
1,-0.20121019755127392,1.8702996449294864,-0.34843853984776685,-0.4621472795310079,-0.3866415739315478,-0.2664309992341578
1,-0.05871607614956349,-0.540688166997134,1.4807577957706748,-0.4621472795310079,-0.4027597031844683,0.09730533784113314
2,-0.24505454259795406,-0.6025083673029448,-0.38139703238143247,1.1090991963847512,-0.4027597031844683,-0.2698951548253511
1,-0.22313237007461398,1.5611986434004326,-0.38139703238143247,-1.4048951650804635,-0.032042730367298024,-0.28375177719012407
2,-0.11352150745791366,-0.4788679666913232,-0.39375646708155704,1.7375977867510548,-0.4027597031844683,-0.2421819100958051
1,-0.2669767151212941,0.9429966403423247,-0.24956306224677,-1.4048951650804635,-0.06427898887313895,-0.2283252877310321
1,-0.3656264914763244,0.0775138360609738,-0.7233413924182132,-0.14789798434785614,-0.43499596169030913,-0.34264242224040925
1,1.470355457353406,-0.41704776638551244,-0.3072404241806848,0.1663513108352956,-0.4188778324373887,-0.01701179666824402
1,-0.33822377582214935,1.5611986434004326,0.27777281829187983,-0.4621472795310079,-0.322169056919866,-0.3322499554668295
2,-0.33822377582214935,0.26297443697840617,-0.5461894950497606,0.7948499012015992,-0.4027597031844683,-0.3287857998756363
1,-0.10256042119624363,-0.4788679666913232,-0.5997470454169671,0.1663513108352956,-0.2415784106552638,-0.17982710945432664
1,-0.21765182694377896,-0.4788679666913232,-0.39375646708155704,-1.0906458698973118,-0.322169056919866,-0.24911022127819157
1,-0.24505454259795406,-1.1588901700552419,-0.6038668569836754,0.48060060601844773,-0.4188778324373887,-0.2664309992341578
1,0.16050564908383716,0.20115423667259535,1.361283260336137,0.48060060601844773,-0.3060509276669456,0.22894325030647653
1,-0.3053405170371392,0.20115423667259535,-0.5791479875834261,0.1663513108352956,-0.4027597031844683,-0.30107255514609027
2,-0.37110703460715944,-1.5916315721959173,-0.4637932637155965,1.1090991963847512,-0.3060509276669456,-0.2906800883725106
1,-0.32726268956047927,-0.7261487679145663,-0.14244796151235675,-0.4621472795310079,-0.4188778324373887,-0.27682346600773755
1,-0.1683269387662638,-0.7261487679145663,-0.35255835141447506,-0.77639657471416,-0.19322402289650245,-0.24911022127819157
1,-0.2888988876446342,-0.4788679666913232,-0.4720328868490129,-0.4621472795310079,-0.4188778324373887,-0.2629668436429646
2,-0.21217128381294395,1.4993784430946218,-0.595627233850259,1.4233484915679027,-0.4027597031844683,-0.13825724236000766
1,-0.18476856815876888,-1.2825305706668633,-0.29900080104726845,0.1663513108352956,-0.4188778324373887,-0.2906800883725106
2,-0.31630160329880924,1.2520976418713785,-0.4473140174487637,-0.77639657471416,-0.4188778324373887,-0.28375177719012407
2,-0.32726268956047927,0.6338956388132708,-0.311360235747393,-0.4621472795310079,-0.3544053154257069,-0.3287857998756363
2,-0.2998599739063042,-0.1697669651622693,-0.5173508140828031,0.1663513108352956,-0.3866415739315478,-0.28028762159893084
2,-0.2614961719904591,-1.4679911715842957,-0.4431942058820555,0.1663513108352956,-0.4027597031844683,-0.1832912650455199
2,-0.2888988876446342,-0.29340736577389087,-0.4720328868490129,-0.4621472795310079,-0.4188778324373887,-0.23178944332222534
2,-0.2888988876446342,-1.7770921731133495,0.5249615122943719,1.1090991963847512,-0.4188778324373887,-0.25950268805177135
2,-0.1957296544204389,0.9429966403423247,-0.08065078801173374,-0.14789798434785614,-0.177105893643582,-0.20061204300148613
1,-0.32178214642964426,-0.1697669651622693,-0.4473140174487637,0.48060060601844773,-0.4027597031844683,-0.31146502191967
1,-0.31082106016797423,0.8193562397307032,-0.6615442189175902,1.1090991963847512,-0.4027597031844683,-0.2941442439637038
1,-0.27793780138296414,0.57207543850746,1.1017351316335202,-0.4621472795310079,3.1109924739521886,-0.25257437686938483
2,-0.27793780138296414,-0.7261487679145663,-0.6409451610840492,1.7375977867510548,-0.4027597031844683,-0.28028762159893084
1,-0.28341834451379916,0.20115423667259535,0.14593884815721736,2.3660963771173584,-0.4188778324373887,-0.32185748869324976
2,-0.2669767151212941,-1.2207103703610525,-0.6203461032505081,1.1090991963847512,-0.4188778324373887,-0.2941442439637038
2,-0.2998599739063042,0.6957158391190816,-0.5997470454169671,1.1090991963847512,-0.4188778324373887,-0.30107255514609027
1,-0.2669767151212941,0.13933403636678457,-0.34843853984776685,0.1663513108352956,0.032429786644383736,-0.2733593104165443
1,-0.2505350857287891,-0.7261487679145663,-0.5049913793826785,0.48060060601844773,-0.4188778324373887,-0.2664309992341578
2,-0.37658757773799445,-1.5298113718901065,-0.36491778611459963,-0.14789798434785614,-0.43499596169030913,-0.3357141110580228
1,-0.3327432326913143,0.3247946372842169,-0.40611590178168167,-0.4621472795310079,-0.4188778324373887,-0.23871775450461186
2,-0.3546654052146544,1.684839044012054,-0.4349545827486391,0.1663513108352956,-0.4188778324373887,-0.30453671073728356
1,-0.24505454259795406,0.3247946372842169,0.16653790599075835,-0.14789798434785614,-0.25769653990818425,-0.19714788741029288
1,-0.2888988876446342,-0.35522756607970163,-0.42259514804851445,-1.0906458698973118,-0.43499596169030913,-0.23178944332222534
1,-0.2943794307754692,0.8193562397307032,-0.4885121331158457,-0.14789798434785614,-0.4188778324373887,-0.30453671073728356
2,-0.3875486639996645,0.9429966403423247,-0.5420696834830523,0.1663513108352956,-0.3060509276669456,-0.339178266649216
1,0.18790836473801223,-0.6643285676087556,0.8215879450973624,-0.77639657471416,0.06466604515022466,-0.06550997494494948
1,-0.28341834451379916,0.3247946372842169,-0.5709083644500097,1.1090991963847512,-0.4027597031844683,-0.27682346600773755
2,-0.3053405170371392,-0.41704776638551244,-0.7645395080852952,0.7948499012015992,-0.09651524737897979,-0.3080008663284768
1,-0.2560156288596241,0.3866148375900277,-0.5379498719163441,0.48060060601844773,-0.4027597031844683,-0.31146502191967
1,-0.27245725825212913,0.0775138360609738,-0.5379498719163441,0.48060060601844773,-0.4027597031844683,-0.2421819100958051
1,-0.27245725825212913,1.684839044012054,-0.7768989427854198,0.1663513108352956,-0.43499596169030913,-0.25950268805177135
1,-0.31630160329880924,1.684839044012054,-0.5873876107168425,0.1663513108352956,-0.4027597031844683,-0.25950268805177135
1,-0.3053405170371392,1.8702996449294864,-0.5297102487829277,0.48060060601844773,-0.3866415739315478,-0.31146502191967
1,0.0728169589904769,-0.2315871654680801,-0.5832677991501344,-0.14789798434785614,0.6771549567612015,-0.062045819353756235
1,0.3358830292705577,-0.2315871654680801,1.1923709861011005,0.1663513108352956,-0.09651524737897979,-0.14518555354239418
1,-0.23957399946711905,0.20115423667259535,0.08002186308988612,-0.77639657471416,-0.37052344467862736,-0.18675542063671313
2,-0.31082106016797423,0.015693635755163023,-0.6203461032505081,0.1663513108352956,-0.4027597031844683,-0.31146502191967
1,-0.27793780138296414,1.8084794446236756,-0.4761526984157211,0.48060060601844773,-0.37052344467862736,-0.2698951548253511
1,-0.2888988876446342,2.0557602458469186,-0.5709083644500097,-0.14789798434785614,-0.37052344467862736,-0.13825724236000766
1,-0.3053405170371392,-0.41704776638551244,-0.34019891671435043,0.1663513108352956,-0.4027597031844683,-0.20754035418387262
1,0.3084803136163826,-1.097069969749431,-0.35255835141447506,0.1663513108352956,-0.37052344467862736,0.12155442697948587
2,-0.31082106016797423,1.3139178421771893,-0.5297102487829277,0.1663513108352956,-0.4188778324373887,-0.31146502191967
1,-0.20121019755127392,0.3247946372842169,-0.8180970584525018,-2.033393755446767,0.6449186982553606,0.4367925857780714
1,0.40713008997141287,-0.1697669651622693,-0.5297102487829277,-0.14789798434785614,-0.4511140909432296,-0.006619329894664277
2,-0.33822377582214935,1.2520976418713785,-0.37727722081472426,1.1090991963847512,-0.4188778324373887,-0.30453671073728356
1,-0.3327432326913143,-1.406170971278485,-0.38139703238143247,1.1090991963847512,-0.4027597031844683,-0.2906800883725106
1,-0.3601459483454894,-0.8497891685261879,-0.311360235747393,0.48060060601844773,-0.4027597031844683,-0.3080008663284768
2,-0.34370431895298437,0.015693635755163023,-0.45555364058218006,0.7948499012015992,-0.4188778324373887,-0.17982710945432664
1,0.41809117623308295,-2.024372974336593,1.7650247938735406,0.1663513108352956,-0.37052344467862736,-0.006619329894664277
1,0.3304024861397227,0.20115423667259535,1.0852558853666874,-0.14789798434785614,-0.14486963513774115,-0.12786477558642792
1,1.1141201538491299,0.20115423667259535,1.0893756969333954,0.1663513108352956,0.2742017254381904,0.277441428583182
1,1.9690848822593925,-1.653451772501728,-0.311360235747393,-1.0906458698973118,-0.3060509276669456,2.5637841187707253
2,-0.2888988876446342,-1.344350770972674,0.8998643648648182,-0.77639657471416,-0.16098776439066162,-0.2283252877310321
1,-0.2614961719904591,1.2520976418713785,-0.4143555249150981,-0.77639657471416,0.25808359618527,-0.13479308676881444
2,-0.3601459483454894,0.20115423667259535,-0.34019891671435043,-0.4621472795310079,-0.4188778324373887,-0.27682346600773755
2,-0.2888988876446342,1.2520976418713785,-0.12596871524552394,-0.77639657471416,-0.3060509276669456,-0.29760839955489704
1,0.06733641585964188,1.5611986434004326,1.6455502584390027,-0.77639657471416,-0.322169056919866,-0.2421819100958051
1,-0.0258328173645534,1.5611986434004326,2.3541578479128136,-0.6192719271225839,-0.43499596169030913,0.24279987267124953
2,-0.2998599739063042,-2.0861931746424034,1.241808724901599,1.4233484915679027,-0.4188778324373887,-0.28028762159893084
1,-0.0641966192803985,0.3247946372842169,0.6567954824290344,-0.77639657471416,0.14525669141482686,-0.20754035418387262
1,-0.15736585250459378,0.6338956388132708,4.364625892466416,-0.77639657471416,0.7899818615316445,-0.1555780203159739
1,-0.17928802502793387,0.6338956388132708,4.364625892466416,-1.4048951650804635,1.2251713513604967,-0.1832912650455199
2,-0.17928802502793387,-1.1588901700552419,-0.5255904372162196,0.1663513108352956,-0.37052344467862736,-0.13479308676881444
1,-0.2560156288596241,-0.2315871654680801,-0.1836460771794388,0.07207652228034998,-0.33828718617278647,-0.2352535989134186
2,-0.20121019755127392,0.5102552382016493,-0.4637932637155965,1.7375977867510548,-0.2738146691611047,-0.1763629538631334
1,-0.37658757773799445,-0.7879689682203771,-0.208364946579688,-0.77639657471416,-0.4188778324373887,-0.3287857998756363
1,-0.11900205058874867,0.8193562397307032,-0.7851385659188362,1.4233484915679027,-0.46723222019615,0.055735470746814175
2,-0.17380748189709883,0.015693635755163023,-0.5132310025160949,-0.4621472795310079,-0.322169056919866,-0.2352535989134186
1,-0.2614961719904591,1.2520976418713785,-0.4967517562492621,-0.6192719271225839,-0.3866415739315478,-0.15211386472478067
2,-0.3875486639996645,0.4484350378958385,-0.39787627864826525,-0.14789798434785614,-0.43499596169030913,-0.339178266649216
1,0.11666130403715702,1.7466592443178648,6.012550519149697,-1.4048951650804635,-0.2254602814023434,0.10769780461471289
1,-0.3327432326913143,0.5102552382016493,-0.4473140174487637,-1.0906458698973118,-0.4188778324373887,-0.2664309992341578
2,-0.3875486639996645,0.13933403636678457,-0.2248441928465208,-0.5878469976042687,-0.4027597031844683,-0.3357141110580228
1,-0.14092422311208874,-0.9734295691378094,-0.5173508140828031,1.9889972228975765,-0.4188778324373887,-0.07936659730972247
2,-0.27245725825212913,-0.2315871654680801,-0.36903759768130784,0.1663513108352956,-0.3866415739315478,-0.29760839955489704
2,-0.2669767151212941,-0.9116093688319986,-0.39787627864826525,-0.08504812531122573,-0.4188778324373887,-0.25603853246057806
2,-0.2888988876446342,-1.7152719728075387,-0.34843853984776685,2.3660963771173584,-0.4511140909432296,-0.3080008663284768
1,-0.21765182694377896,-1.344350770972674,-0.32371967044751765,0.1663513108352956,-0.37052344467862736,-0.1036156864480752
1,-0.3601459483454894,-0.6025083673029448,-0.5503093066164687,-0.14789798434785614,-0.2738146691611047,-0.2283252877310321
1,-0.27793780138296414,1.2520976418713785,-0.5297102487829277,-1.4048951650804635,-0.4027597031844683,-0.06897413053614272
1,-0.3053405170371392,-0.1697669651622693,-0.5049913793826785,0.1663513108352956,-0.4027597031844683,-0.31839333310205653
1,-0.31630160329880924,0.26297443697840617,-0.38139703238143247,1.7375977867510548,-0.4027597031844683,-0.31146502191967
1,-0.28341834451379916,-0.1697669651622693,0.005865254889138499,-0.77639657471416,-0.16098776439066162,-0.24564606568699834
1,-0.15736585250459378,-0.1697669651622693,0.03058412428938771,-0.77639657471416,0.6610368275082811,-0.02740426344182376
1,-0.2505350857287891,-0.1697669651622693,-0.5709083644500097,0.35490088794518687,-0.4188778324373887,-0.10015153085688196
2,-0.34370431895298437,1.0048168406481355,-0.5255904372162196,-0.4621472795310079,-0.4027597031844683,-0.3149291775108633
2,-0.22313237007461398,-1.7152719728075387,-0.04769229547806812,0.7948499012015992,-0.3866415739315478,-0.2213969765486456
1,-0.2505350857287891,0.57207543850746,-0.45143382901547185,0.040651592762034776,-0.4027597031844683,-0.31146502191967
1,1.8868767352968672,0.015693635755163023,5.188588205808056,-0.4621472795310079,3.2238193787226317,1.3894353733562146
1,-0.2998599739063042,0.20115423667259535,-0.6121064801170918,-0.77639657471416,-0.4027597031844683,-0.2941442439637038
1,-0.2998599739063042,0.20115423667259535,-0.4843923215491375,0.1663513108352956,-0.3866415739315478,-0.2872159327813173
1,-0.1683269387662638,1.2520976418713785,-0.035332860777943516,0.1663513108352956,0.7416274737728833,-0.13132893117762118
1,-0.3327432326913143,-0.6025083673029448,-0.04769229547806812,-0.4621472795310079,-0.4027597031844683,-0.2941442439637038
1,-0.3053405170371392,0.8193562397307032,3.3346730007893655,-0.14789798434785614,-0.3866415739315478,-0.25603853246057806
1,-0.22313237007461398,0.0775138360609738,-0.2742819316470192,-0.77639657471416,-0.4188778324373887,-0.30107255514609027
2,-0.3601459483454894,-1.0352497694436202,-0.5420696834830523,0.1663513108352956,-0.43499596169030913,-0.32532164428444305
1,-0.3053405170371392,-1.4679911715842957,-0.43083477118193086,0.1663513108352956,-0.43499596169030913,-0.30453671073728356
2,-0.32178214642964426,-0.7879689682203771,-0.4184753364818063,-0.77639657471416,-0.4188778324373887,-0.23178944332222534
2,-0.2888988876446342,1.0048168406481355,-0.40611590178168167,-0.14789798434785614,-0.4027597031844683,-0.25950268805177135
1,-0.23957399946711905,-1.1588901700552419,-0.6203461032505081,-2.033393755446767,0.5643280519907583,-0.3149291775108633
1,-0.3546654052146544,1.2520976418713785,1.6290710121721699,-1.8762691078551914,-0.3544053154257069,-0.2213969765486456
1,0.429052262494753,-1.406170971278485,-0.311360235747393,-0.4621472795310079,-0.177105893643582,-0.20407619859267936
1,-0.14092422311208874,-1.0352497694436202,0.07590205152317793,1.76902271626937,-0.4027597031844683,-0.30107255514609027
1,-0.32178214642964426,-0.41704776638551244,-0.7439404502517541,-0.964946151824051,-0.4188778324373887,-0.31839333310205653
1,-0.31630160329880924,-1.2207103703610525,-0.6615442189175902,0.1663513108352956,-0.4027597031844683,-0.2352535989134186
2,-0.32726268956047927,0.015693635755163023,-0.5214706256495113,-1.5620198126720395,-0.4188778324373887,-0.19714788741029288
2,-0.31630160329880924,0.015693635755163023,-0.08477059957844194,-1.4048951650804635,-0.43499596169030913,-0.2352535989134186
2,-0.32178214642964426,-1.0352497694436202,-0.6327055379506328,-1.0906458698973118,-0.43499596169030913,-0.32532164428444305
2,-0.34370431895298437,-1.0352497694436202,-0.8263366815859182,-0.4621472795310079,-0.37052344467862736,-0.006619329894664277
1,-0.27793780138296414,1.3139178421771893,-0.4143555249150981,-1.0906458698973118,-0.37052344467862736,-0.19368373181909962
1,-0.32178214642964426,1.3139178421771893,-0.5173508140828031,-0.4621472795310079,-0.4027597031844683,-0.2698951548253511
1,-0.37110703460715944,1.3139178421771893,-0.5091111909493867,1.2976487734946425,-0.3544053154257069,-0.18675542063671313
2,-0.3491848620838194,0.26297443697840617,-0.4349545827486391,-0.77639657471416,-0.43499596169030913,-0.2906800883725106
2,-0.09159933493457359,-0.1697669651622693,-0.3855168439481407,-0.77639657471416,-0.4188778324373887,-0.2664309992341578
2,-0.234093456336284,-0.1697669651622693,-0.5626687413165933,1.1090991963847512,-0.37052344467862736,-0.3080008663284768
2,-0.2614961719904591,-0.6025083673029448,-0.26604230851360283,-0.4621472795310079,-0.20934215214942292,0.0869128710675534
2,0.2098305372613523,-0.41704776638551244,0.08002186308988612,0.1663513108352956,-0.177105893643582,-0.2352535989134186
1,-0.3601459483454894,-0.41704776638551244,0.08002186308988612,0.1663513108352956,-0.3866415739315478,-0.2941442439637038
1,-0.31082106016797423,0.6338956388132708,-0.29076117791385203,-0.21074784338448657,-0.43499596169030913,-0.2698951548253511
1,2.9665437320713655,-0.7261487679145663,-0.3896366555148489,0.4491756765001325,0.6126824397495196,1.340937195079509
1,3.826989003612463,-0.7261487679145663,-0.43083477118193086,-0.77639657471416,0.01631165739146328,2.542999185223566
2,-0.2888988876446342,-2.3334739758656466,0.2530539488916306,0.48060060601844773,-0.4511140909432296,-0.20407619859267936
1,0.2810775979622075,0.015693635755163023,-0.035332860777943516,0.7948499012015992,-0.16098776439066162,0.8940611238155801
1,0.05637532959797185,0.015693635755163023,-0.8180970584525018,0.512025535536763,-0.3544053154257069,0.27051311740079553
2,-0.1902491112896039,-0.9116093688319986,-0.4473140174487637,0.7948499012015992,-0.4027597031844683,-0.1832912650455199
1,-0.34370431895298437,1.0666370409539463,-0.7727791312187116,2.4289462361539886,0.2742017254381904,-0.2421819100958051
1,0.40164954684057785,-1.406170971278485,2.3047201091123153,-0.4621472795310079,0.548209922737838,0.4783624528723903
1,-0.34370431895298437,-0.1697669651622693,-0.39375646708155704,-0.4621472795310079,-0.4027597031844683,-0.3287857998756363
1,0.11666130403715702,-0.7879689682203771,-0.06005173017819273,-0.053623195792910514,-0.4188778324373887,0.277441428583182
2,-0.27245725825212913,0.9429966403423247,-0.4926319446825539,0.1663513108352956,-0.4188778324373887,-0.2906800883725106
2,-0.3491848620838194,1.2520976418713785,-0.595627233850259,0.7320000421649687,-0.4027597031844683,-0.28028762159893084
1,0.08377804525214692,0.5102552382016493,-0.40199609021497346,0.6691501831283383,-0.4027597031844683,-0.1832912650455199
2,-0.13544367998125373,-1.097069969749431,-0.45555364058218006,2.8374703198920863,-0.37052344467862736,0.003773136878915465
1,0.2865581410930425,-0.6025083673029448,2.119328588610446,-0.77639657471416,-0.37052344467862736,-0.023940107850630513
2,-0.27793780138296414,1.2520976418713785,-0.10536965741198294,-1.342045306043833,-0.4188778324373887,-0.28375177719012407
1,0.6318323583356485,-1.2207103703610525,-0.4349545827486391,1.7375977867510548,-0.4188778324373887,1.0083782583249572
2,-0.27245725825212913,-0.7879689682203771,-0.5173508140828031,0.040651592762034776,-0.4188778324373887,-0.28028762159893084
1,-0.15736585250459378,-1.2825305706668633,-0.4184753364818063,1.7375977867510548,-0.37052344467862736,-0.2733593104165443
1,-0.21217128381294395,1.3757380424830001,-0.38139703238143247,-0.77639657471416,-0.177105893643582,-0.24564606568699834
1,-0.34370431895298437,1.437558242788811,-0.575028176016718,2.051847081934207,-0.2415784106552638,-0.30453671073728356
1,-0.22313237007461398,0.6338956388132708,0.240694514191506,-1.0906458698973118,0.04854791589730419,-0.13825724236000766
1,-0.10256042119624363,1.5611986434004326,0.30661149925883724,-1.0906458698973118,-0.09651524737897979,-0.1902195762279064
1,-0.2888988876446342,-0.540688166997134,0.05942280525634512,-0.77639657471416,-0.0803971181260594,-0.11747230881284819
1,-0.28341834451379916,-0.1697669651622693,-0.6739036536177148,0.7948499012015992,-0.4027597031844683,-0.27682346600773755
1,-0.228612913205449,0.5102552382016493,-0.21660456971310438,-1.7191444602636152,2.659684854870416,0.38483025191017267
1,-0.228612913205449,-0.7879689682203771,-0.29900080104726845,-0.14789798434785614,4.384324684932904,-0.10707984203926844
1,0.07829750212131191,-0.7879689682203771,-0.29488098948056024,0.48060060601844773,4.722805399244233,0.4333284301868781
1,-0.20669074068210894,0.6957158391190816,-0.2124847581463962,-0.77639657471416,2.321204140559087,0.2601206506272158
1,0.5989490995506385,0.3247946372842169,-0.39787627864826525,0.1663513108352956,-0.3866415739315478,-0.12786477558642792
1,0.2098305372613523,0.0775138360609738,0.6567954824290344,-0.77639657471416,2.4340310453295295,0.4160076522309119
1,0.32492194300888766,0.0775138360609738,-0.15068758464577317,0.7948499012015992,2.691921113376257,1.4898958855008186
2,-0.27245725825212913,-0.4788679666913232,-0.35255835141447506,0.1663513108352956,-0.4027597031844683,-0.25603853246057806
1,-0.23957399946711905,0.015693635755163023,0.12121997875696815,0.1663513108352956,-0.177105893643582,-0.2144686653662591
2,-0.32178214642964426,0.6957158391190816,-0.39375646708155704,-0.4621472795310079,-0.37052344467862736,-0.28375177719012407
1,-0.2669767151212941,1.4993784430946218,-0.311360235747393,-0.77639657471416,-0.3866415739315478,-0.29760839955489704
1,-0.17928802502793387,0.26297443697840617,-0.24956306224677,0.1663513108352956,-0.37052344467862736,-0.17982710945432664
1,-0.08611879180373858,0.26297443697840617,-0.4184753364818063,-0.77639657471416,0.0969023036560655,0.24626402826244279
1,-0.3546654052146544,0.9429966403423247,-0.5049913793826785,-0.4621472795310079,-0.3866415739315478,-0.29760839955489704
1,-0.1683269387662638,-1.0352497694436202,-0.311360235747393,0.1663513108352956,-0.3866415739315478,-0.28375177719012407
1,-0.03679390362622343,0.015693635755163023,-0.331959293580934,0.1663513108352956,-0.06427898887313895,-0.14518555354239418
1,0.4783771506722681,-0.6025083673029448,-0.7521800733851706,-2.033393755446767,3.707363256310245,1.801669888708211
1,-0.0641966192803985,1.0666370409539463,-0.2742819316470192,-0.4621472795310079,-0.2415784106552638,0.15619598289141834
1,-0.3656264914763244,0.6338956388132708,-0.24956306224677,-1.7191444602636152,0.1774929499206678,-0.2941442439637038
1,-0.31082106016797423,0.0775138360609738,-0.4349545827486391,-0.4621472795310079,-0.4027597031844683,-0.3287857998756363
1,-0.3601459483454894,0.3247946372842169,-0.6327055379506328,0.48060060601844773,-0.43499596169030913,-0.32532164428444305
2,-0.37658757773799445,-0.9734295691378094,-0.554429118183177,0.48060060601844773,-0.4027597031844683,-0.3287857998756363
2,-0.2505350857287891,0.5102552382016493,-0.331959293580934,-0.14789798434785614,-0.3866415739315478,-0.2698951548253511
1,-0.32726268956047927,0.0775138360609738,-0.09301022271185834,-0.4621472795310079,0.98339941256669,-0.1625063314983604
1,-0.06967716241123353,-0.29340736577389087,0.03058412428938771,-0.14789798434785614,0.032429786644383736,0.31208298449511446
1,-0.37658757773799445,0.015693635755163023,0.10062092092342714,-1.4048951650804635,-0.25769653990818425,-0.24911022127819157
1,-0.14640476624292376,0.6338956388132708,-0.31548004731410123,-1.4048951650804635,0.00019352813854282144,0.1458035161178386
2,-0.3656264914763244,-1.406170971278485,-0.6285857263839245,0.48060060601844773,-0.3544053154257069,-0.3080008663284768
1,0.16050564908383716,-0.29340736577389087,-0.022973426077818913,-1.4048951650804635,4.432679072691665,0.263584806218409
2,-0.37658757773799445,1.0666370409539463,-0.5297102487829277,-1.0906458698973118,-0.4188778324373887,-0.32185748869324976
1,2.3472423582870086,0.0775138360609738,0.03058412428938771,-2.033393755446767,-0.3060509276669456,1.777420799569858
2,0.0399337002054668,-0.35522756607970163,-0.24956306224677,0.1663513108352956,-0.2738146691611047,-0.12440061999523469
1,-0.1902491112896039,0.9429966403423247,0.7227124674963655,-1.7191444602636152,2.6274485963645753,-0.20061204300148613
1,-0.07515770554206855,0.0775138360609738,-0.2619224969468946,-1.0906458698973118,2.0149596847535984,0.38136609631897944
1,-0.3053405170371392,-2.1480133749482144,0.4302058462600833,-0.14789798434785614,-0.4027597031844683,-0.12093646440404143
1,0.02349207081296175,0.4484350378958385,-0.7974980006189608,-0.77639657471416,-0.2415784106552638,-0.1105439976304617
2,-0.31082106016797423,1.2520976418713785,0.4755237734938735,-0.14789798434785614,-0.4188778324373887,-0.22486113213983885
2,-0.32726268956047927,-0.1697669651622693,-0.7274612039849214,-0.77639657471416,-0.4027597031844683,-0.30107255514609027
2,-0.28341834451379916,-0.1697669651622693,-0.38139703238143247,-0.4621472795310079,-0.4027597031844683,-0.3149291775108633
2,-0.1902491112896039,1.0666370409539463,-0.4843923215491375,0.7948499012015992,-0.4188778324373887,-0.21793282095745237
1,-0.31630160329880924,-0.29340736577389087,-0.35667816298118327,0.48060060601844773,-0.33828718617278647,-0.2872159327813173
1,-0.07515770554206855,0.57207543850746,0.24481432575821419,-0.4621472795310079,0.3547923717027926,-0.2352535989134186
2,-0.21765182694377896,0.015693635755163023,-0.5667885528833015,-0.14789798434785614,-0.4188778324373887,-0.2352535989134186
1,-0.18476856815876888,0.015693635755163023,-0.42259514804851445,-0.77639657471416,2.724157371882098,-0.2698951548253511
1,-0.228612913205449,0.3247946372842169,0.36840867275946027,-1.7191444602636152,3.933017065851131,0.8247780119917151
1,-0.11352150745791366,-0.1697669651622693,-0.31548004731410123,5.822838624132028,1.2574076098663374,0.263584806218409
1,-0.03679390362622343,-0.29340736577389087,1.9668955606422425,2.051847081934207,-0.19322402289650245,0.10769780461471289
1,-0.3053405170371392,0.0775138360609738,-0.4885121331158457,-0.77639657471416,0.00019352813854282144,-0.23871775450461186
2,-0.3327432326913143,-0.9734295691378094,-0.5379498719163441,-0.14789798434785614,-0.33828718617278647,-0.30453671073728356
1,-0.28341834451379916,0.015693635755163023,-0.3896366555148489,0.1663513108352956,-0.43499596169030913,-0.27682346600773755
1,-0.12448259371958369,0.0775138360609738,-0.2413234391133536,-1.0906458698973118,1.1123444465900534,0.10423364902351964
1,-0.3327432326913143,1.7466592443178648,-0.29076117791385203,-0.4621472795310079,-0.2415784106552638,-0.23178944332222534
1,0.31944139987805265,0.6338956388132708,-0.0023743682442779043,-0.77639657471416,-0.4027597031844683,-0.07936659730972247
1,-0.3053405170371392,0.3866148375900277,-0.45555364058218006,0.1663513108352956,-0.4188778324373887,-0.2872159327813173
1,-0.003910644841213332,0.3866148375900277,-0.4184753364818063,0.1663513108352956,-0.06427898887313895,0.052271315155620925
1,1.6512133806709615,0.3866148375900277,-0.06417154174490093,0.48060060601844773,0.11302043290898596,0.7624232113502366
1,-0.031313360495388416,-1.1588901700552419,0.40960678842654225,-1.4048951650804635,6.366854583042118,0.09730533784113314
1,1.3169002496900255,1.3139178421771893,0.2695331951584634,-1.7191444602636152,1.9182509092360756,1.56610730850707
1,0.8346124541765441,1.3139178421771893,0.10062092092342714,-1.7191444602636152,2.143904718776962,0.9494876132746721
1,0.5057798663264432,1.3139178421771893,0.4013671652931259,-1.4048951650804635,2.256731623547405,0.8905969682243868
1,-0.27245725825212913,1.190277441565568,0.03058412428938771,-1.4048951650804635,-0.3060509276669456,-0.09322321967449546
2,-0.32178214642964426,-0.41704776638551244,-0.5173508140828031,-0.14789798434785614,-0.43499596169030913,-0.2629668436429646
1,-0.32178214642964426,-0.10794676485645853,-0.6079866685503835,-1.5305948831537242,3.094874344699268,0.11462611579709937
2,-0.32178214642964426,0.3247946372842169,-0.4102357133483899,0.1663513108352956,-0.37052344467862736,-0.2733593104165443
1,-0.3327432326913143,0.4484350378958385,-0.16304701934589777,-1.7505693897819306,-0.09651524737897979,-0.2421819100958051
1,0.05637532959797185,-1.5298113718901065,-0.37315740924801605,0.22920116987192604,2.1600228480298824,-0.030868419033017007
1,0.7250015915598438,-1.7770921731133495,-0.09301022271185834,0.7948499012015992,0.7093912152670424,0.20123000557693055
1,0.2755970548313725,-1.7770921731133495,-0.2248441928465208,-0.14789798434785614,-0.11263337663190025,-0.06897413053614272
1,-0.1902491112896039,2.797602649516648,-0.311360235747393,-0.77639657471416,-0.3544053154257069,0.08344871547636015
1,-0.14640476624292376,-0.7879689682203771,-0.6450649726507574,4.880090738582573,1.9827234262477573,0.052271315155620925
1,-0.1683269387662638,-0.7879689682203771,1.324204956235763,-1.7191444602636152,0.06466604515022466,-0.07590244171852922
1,-0.17928802502793387,-0.7879689682203771,0.9245832342650675,-1.4048951650804635,1.4185889023955418,-0.062045819353756235
1,-0.21765182694377896,-0.7879689682203771,1.1099747547669365,4.880090738582573,3.4978275760222792,-0.07590244171852922
1,-0.12448259371958369,-0.7879689682203771,-0.006494179810986106,-0.77639657471416,1.8860146507302349,-0.1036156864480752
1,-0.2888988876446342,-0.7879689682203771,-0.4143555249150981,-0.14789798434785614,1.5152976779130645,-0.21793282095745237
2,-0.3327432326913143,0.9429966403423247,0.8627860607644444,-1.813419248818561,-0.4511140909432296,-0.2629668436429646
1,-0.2505350857287891,-0.29340736577389087,-0.7933781890522527,0.48060060601844773,-0.43499596169030913,-0.2733593104165443
1,-0.17928802502793387,0.4484350378958385,-0.18776588874614697,0.1663513108352956,-0.4027597031844683,-0.21100450977506588
1,-0.28341834451379916,-0.8497891685261879,-0.4390743943153473,0.1663513108352956,-0.322169056919866,-0.2698951548253511
2,-0.32726268956047927,-0.41704776638551244,-0.3072404241806848,1.7375977867510548,-0.37052344467862736,-0.29760839955489704
