target,V5,V7,V4,V9,V6,V31,V3,V1,V8,V17
1,0.4842076867931953,0.577058790698793,-0.23425723756315658,0.9640741588677281,-0.20173497775440777,0.12293694446684536,0.7123723673094141,0.34843328026857884,-0.9546791446318253,0.7479850265890517
0,0.634307728584631,-1.3391057693134714,-0.5278107390131814,0.9640741588677281,-1.0375869718786104,-0.9090628606651902,0.7216480452940994,0.34843328026857884,-2.0294519854167454,-0.5297976866862713
1,0.768476977952874,0.9145310927517455,-0.17699842476100333,0.746138754936558,-0.2413087513829287,0.4413178124722782,0.7216480452940994,0.34843328026857884,-0.4614940048946667,0.7385706213185879
0,0.768476977952874,0.32943274663126715,-1.1251716972961838,-1.0108728636168223,1.9213403879044204,-0.16768701369651548,0.7216480452940994,0.34843328026857884,-2.1525848111882895,0.257625762742623
1,0.6555937329711219,0.7540681152546965,-0.15512936947523642,0.512838263170458,-0.10991773800674107,-0.7177259297525741,0.7216480452940994,0.34843328026857884,-0.6767408764956188,0.23892658256686536
0,-1.34902776972189,-1.13369933561602,-0.11409086220142695,-0.7204371544902445,-0.5115230848793756,-0.6177204471334423,-1.2434073538779753,0.34843328026857884,-0.45691714833779845,-0.6244602608515886
1,0.6644741384210515,0.7682971606370039,-0.34117513959823903,0.6875025778389917,-0.703872052691588,-0.6924047588423506,0.6731167322809517,0.34843328026857884,-0.7747202216941224,0.32002657977628235
0,-1.157858260643578,0.9145310927517455,-0.1006609029387983,-1.0108728636168223,-0.2518487185492289,1.1346097196640303,-1.2904296086506646,-2.8699899137911893,-2.1525848111882895,1.0014772056787855
1,0.768476977952874,0.9145310927517455,-0.26395287383812427,0.9640741588677281,-0.5633319131772305,0.1728257843155694,0.6483078148078129,0.34843328026857884,-0.6393952654307524,0.9740117720584135
0,-1.157858260643578,-1.118189676149305,-0.2925595944972032,-0.7843464401378444,-0.2518487185492289,-0.3269212559534018,-1.327934736120195,0.34843328026857884,-0.22953583771422495,-1.2205979026766534
1,0.768476977952874,0.9145310927517455,0.05031271005578553,0.9640741588677281,-0.651454731443926,-0.07456818863289774,0.7216480452940994,0.34843328026857884,-0.7549128172673395,0.8269623265688116
0,0.768476977952874,0.9145310927517455,-1.330454976633222,0.9640741588677281,-2.4250378250028786,1.1346097196640303,0.7216480452940994,0.34843328026857884,-2.1525848111882895,1.0014772056787855
1,0.768476977952874,0.9145107655440564,-0.47080146937300266,0.9640741588677281,-0.4728403187845005,0.5863757036797729,0.7216480452940994,0.34843328026857884,-0.5217815902130786,0.912129476485434
0,0.768476977952874,0.6196239635995814,-2.0675374198799576,0.9640741588677281,0.23233781436864417,1.1346097196640303,0.7216480452940994,0.34843328026857884,-0.9967554561714379,1.0014772056787855
1,0.768476977952874,0.9145310927517455,0.0667598730041061,0.9640741588677281,-0.17752565110851412,1.1346097196640303,0.7216480452940994,0.34843328026857884,-0.3365150521085872,1.0014772056787855
0,0.768476977952874,-1.1897414472146222,-2.2330299077530587,0.9640741588677281,0.3285666280024119,1.1346097196640303,-0.26563821794351733,0.34843328026857884,-2.1525848111882895,-1.229477582690791
1,0.768476977952874,0.8700348351205016,0.04607047630221872,0.8872882186335289,-0.278709335904996,0.7337116241041045,0.7145051696225955,0.34843328026857884,-0.18149807435684281,0.8201405286017457
0,-3.08419349924003,0.9145310927517455,-0.1006609029387983,-2.985819886101373,-2.4250378250028786,-2.370050613930915,-1.2904296086506646,-2.8699899137911893,1.6935131357598399,-2.2392819235686443
1,0.12558185542369413,0.04446562203902877,-0.043311347168654354,-0.8375515129235782,-0.1425155746035458,0.09482956859141389,0.058970269967391374,0.34843328026857884,0.13124738019924437,0.32696180431287175
0,-1.157858260643578,-1.118189676149305,-2.3692351027071505,0.9640741588677281,-0.2518487185492289,1.1346097196640303,0.7216480452940994,-2.8699899137911893,-0.22953583771422495,-2.2392819235686443
1,0.768476977952874,0.9145310927517455,-0.11454457704138062,0.9640741588677281,-0.4655601352778808,0.7919941254517884,0.7216480452940994,0.34843328026857884,-0.3766298536952562,0.8738561111690218
0,-1.157858260643578,-1.118189676149305,2.167913296829554,-2.985819886101373,-0.2518487185492289,-2.370050613930915,0.7216480452940994,-2.8699899137911893,-0.22953583771422495,-2.2392819235686443
1,0.768476977952874,0.9145310927517455,0.0601356363407825,0.769917117087272,-0.15848851453598012,0.2814001614503408,0.6425935142706098,0.34843328026857884,-0.050442286814585305,0.6214009750006471
0,-1.157858260643578,-1.118189676149305,2.167913296829554,-2.985819886101373,-0.2518487185492289,-2.370050613930915,-3.3025072625954284,-2.8699899137911893,-0.22953583771422495,1.0014772056787855
1,0.768476977952874,0.9145310927517455,-0.24090415996847786,0.9640741588677281,-0.18791349503736254,0.3347761383309919,0.7216480452940994,0.34843328026857884,-0.3282074805431792,0.5019141859052942
0,0.768476977952874,0.9145310927517455,1.2110286993672632,0.9640741588677281,-2.4250378250028786,1.1346097196640303,0.7216480452940994,0.34843328026857884,-2.1525848111882895,1.0014772056787855
1,0.768476977952874,0.6428579619881201,-0.2983444587066125,0.861712654692354,-0.6270063539963224,-0.03973186491696397,0.7216480452940994,0.34843328026857884,-1.8021860577315805,0.694431481978238
0,-1.157858260643578,-3.1509104450503562,-2.3692351027071505,0.9640741588677281,-0.2518487185492289,-0.6177204471334423,-3.3025072625954284,-2.8699899137911893,1.6935131357598399,1.0014772056787855
1,0.768476977952874,0.9145310927517455,0.08944561500178962,0.9279721272967106,0.1260036713898671,0.5100442016140752,0.7216480452940994,0.34843328026857884,-0.48545519510415347,1.0014772056787855
0,0.768476977952874,0.9145310927517455,-2.3692351027071505,-2.985819886101373,1.9213403879044204,-2.370050613930915,-3.3025072625954284,-2.8699899137911893,-2.1525848111882895,1.0014772056787855
1,0.768476977952874,0.9145310927517455,-0.4236151260178209,0.9640741588677281,-0.6051223396943342,1.1346097196640303,0.7216480452940994,0.34843328026857884,-0.6844523028792497,1.0014772056787855
0,0.768476977952874,0.9145310927517455,-2.3692351027071505,0.9640741588677281,1.9213403879044204,1.1346097196640303,0.7216480452940994,0.34843328026857884,-2.1525848111882895,1.0014772056787855
1,0.6414929590245956,0.7539461520085624,-0.43275748004288744,0.7331436035286096,-0.49213823804980894,0.20718897888646787,0.48438384834093284,0.34843328026857884,-0.5458773938507087,0.6884360775891302
0,-0.36253223068426105,0.8742628943198157,-0.15953040342278707,0.9583270630322979,-0.7531382497348922,0.8916666653392286,0.14323608211459815,0.34843328026857884,-0.4117062669714231,0.7141839088710009
1,0.2351518037950602,0.5779735150447983,-0.46134151495996867,0.9640741588677281,0.3498204174635285,1.1346097196640303,0.7216480452940994,0.34843328026857884,-1.352365672346262,1.0014772056787855
0,0.768476977952874,0.9145310927517455,-2.3692351027071505,0.5867210312816051,1.9213403879044204,1.1346097196640303,0.04078108797573084,0.34843328026857884,-1.5241516371467003,-0.333893797323264
1,0.768476977952874,0.9145310927517455,-0.09083797665380133,0.9640741588677281,-0.2781225748462536,0.8503291967044765,0.7216480452940994,0.34843328026857884,-0.28645808732905725,0.8809371698664274
0,0.768476977952874,-1.118189676149305,2.167913296829554,-1.0108728636168223,-2.4250378250028786,1.1346097196640303,0.7216480452940994,-2.8699899137911893,-0.22953583771422495,-2.2392819235686443
1,0.656576163942806,0.8068985280384348,-0.0020459824748680256,0.8373220589646698,-0.20230000692208572,0.6251197236676651,0.5454101635850777,0.34843328026857884,-0.1267488700820362,0.8215988702099069
0,0.7621585983702777,0.8646277978752248,-0.04483129188249915,0.20855817541626342,-0.146209996084517,0.05433321843672427,0.7216480452940994,0.34843328026857884,-0.09217244953897251,0.6276394363244482
1,0.768476977952874,0.9145310927517455,0.04765847824205655,0.8268350902752768,0.19900109347564512,-0.4184454605652338,0.7216480452940994,0.34843328026857884,0.27586066300449397,0.4498027791069957
0,0.768476977952874,0.9145310927517455,-2.3692351027071505,-1.0108728636168223,1.9213403879044204,1.1346097196640303,-3.3025072625954284,0.34843328026857884,-0.5059741276511218,-2.2392819235686443
1,0.5089610946091597,0.9145310927517455,0.09876945496283755,0.07904114968172644,0.11515945774866339,-0.4963365364793814,0.5391928436343885,0.34843328026857884,0.08965183090300032,0.20857687332146313
0,0.768476977952874,0.9145310927517455,-2.3692351027071505,0.9640741588677281,1.5487905793850714,1.1346097196640303,-2.5839138492655955,0.34843328026857884,-2.1525848111882895,1.0014772056787855
1,0.764489464008979,0.8873536160715383,-0.23189792039539744,0.9517109905069747,-0.5345588894077842,0.34171536579150985,0.702030288168138,0.34843328026857884,-0.6031842532602357,0.757156374924822
0,-1.157858260643578,-1.118189676149305,-0.1006609029387983,0.9640741588677281,-0.2518487185492289,1.1346097196640303,-1.2904296086506646,-2.8699899137911893,-0.22953583771422495,-1.2265446956788224
1,0.768476977952874,0.9064205368838305,-0.18527872059015785,0.960874744691303,-0.41229527027870183,0.7476776955334802,0.7216480452940994,0.34843328026857884,-0.44182121389602697,0.8594671406351633
0,-3.08419349924003,-1.8579577455754646,-0.16157212020257855,0.3569359452155275,0.3160273268581742,-0.7865399354027108,0.6129556104280032,0.34843328026857884,0.45581958594219696,0.8705667406528357
1,0.7319343984766992,0.865034342029005,-0.08083356443282289,0.8840295560464294,-0.33482107863362925,0.730014207452162,0.6847465411207526,0.34843328026857884,-0.3391303987125119,0.9077706554565964
0,0.768476977952874,-1.118189676149305,-0.1006609029387983,-0.7938064363755454,0.8722116148728566,-0.6177204471334423,-1.2904296086506646,0.34843328026857884,-0.22953583771422495,-1.5216320181924472
1,-0.31712850911054274,0.7807983933657454,-0.5172164975002632,0.7260337942476655,-0.18841332853184692,0.8623501816487067,0.40241180471922317,0.34843328026857884,-0.23467037847340072,0.5963823145228568
0,0.768476977952874,-1.118189676149305,2.167913296829554,-1.0108728636168223,-2.4250378250028786,-0.6177204471334423,0.7216480452940994,-2.8699899137911893,-0.22953583771422495,1.0014772056787855
1,0.768476977952874,0.7317894956275411,2.167913296829554,-1.5435160755809056,1.9213403879044204,1.1346097196640303,0.7216480452940994,0.34843328026857884,1.6935131357598399,-2.2392819235686443
0,-3.08419349924003,0.9145310927517455,-2.3692351027071505,-0.9414534757764904,1.9213403879044204,-2.370050613930915,-2.65733456285804,0.34843328026857884,0.9880810808203487,-2.2392819235686443
1,0.7200681734069453,0.8569034589534008,0.08406909414833863,0.8869919765801563,-0.3750033452119573,0.853378251194704,0.6343037543363571,0.34843328026857884,-0.3926873126237646,0.9954818012896777
0,-3.08419349924003,-3.1509104450503562,-0.569915476160882,0.4086203087939483,1.9213403879044204,-2.370050613930915,-1.1227631777474474,0.34843328026857884,1.6935131357598399,-0.6635114083590201
1,0.768476977952874,0.9145310927517455,-0.1519079941115654,0.9640741588677281,-0.34951183699325594,0.7574907444675462,0.7216480452940994,0.34843328026857884,-0.35803397012176197,1.0014772056787855
0,0.768476977952874,-3.1509104450503562,2.167913296829554,-1.0108728636168223,-2.4250378250028786,-0.6177204471334423,-3.3025072625954284,-2.8699899137911893,1.6935131357598399,-2.2392819235686443
1,0.6630101236397182,0.9135553867826732,0.03118862955173834,0.9640741588677281,-0.09064155063249722,0.7547746327090099,0.7216480452940994,0.34843328026857884,0.024902771966128542,0.8539578501154425
0,-3.08419349924003,-1.118189676149305,-2.3692351027071505,-1.0108728636168223,1.9213403879044204,-0.6177204471334423,-0.9445937014906384,0.34843328026857884,-0.22953583771422495,0.6858434702857321
1,0.768476977952874,0.9145310927517455,0.12100148212056741,0.9364643994933943,0.013215156764922714,0.3774453778925103,0.7216480452940994,0.34843328026857884,0.20457323755781046,0.7669920788820879
0,-1.157858260643578,-1.118189676149305,-0.9088404616062737,-1.0108728636168223,-0.2518487185492289,-0.6177204471334423,-1.2568882741594054,0.34843328026857884,-0.22953583771422495,-0.24924516886732115
1,0.755994325606769,0.805089406554113,0.28048224836428254,0.8013187747447763,0.1031199900989102,-0.023312531254071667,0.7216480452940994,0.34843328026857884,0.4117433034701714,0.6526580968022385
0,-0.7565448403867793,0.9145310927517455,2.167913296829554,0.7215309150364003,-2.4250378250028786,-0.25649510654981134,-0.006402133009273822,0.34843328026857884,1.6935131357598399,-1.4539649675737607
1,0.768476977952874,0.6514970252559497,-1.0411437089367641,0.9640741588677281,1.402621880084999,0.1527791272074063,0.7216480452940994,0.34843328026857884,0.1280166579238079,0.9627987454712174
0,0.768476977952874,0.9145310927517455,0.13976259075265166,0.31111717429388597,0.5985201788060841,1.1346097196640303,0.41547018869332464,0.34843328026857884,-2.1525848111882895,1.0014772056787855
1,0.768476977952874,0.9145310927517455,0.5355834171282338,0.9640741588677281,-0.19801882438237203,1.039598378020271,0.7216480452940994,0.34843328026857884,-0.08023031541369854,0.9326110741822776
0,0.768476977952874,0.9145310927517455,-2.3692351027071505,0.9640741588677281,-2.4250378250028786,-0.6177204471334423,0.7216480452940994,-2.8699899137911893,-2.1525848111882895,1.0014772056787855
1,0.408425658506811,-0.24373352857576222,1.4370694326321816,-0.6036585370507329,1.5306227184551189,1.0219348899389529,0.7216480452940994,0.34843328026857884,1.6935131357598399,-1.251595763747905
0,0.768476977952874,0.9145310927517455,2.167913296829554,0.9640741588677281,-2.4250378250028786,1.1346097196640303,0.7216480452940994,0.34843328026857884,-2.1525848111882895,1.0014772056787855
1,0.768476977952874,0.9145310927517455,-0.020602919428973163,0.9640741588677281,0.14543198200156274,0.6858204406455294,0.7216480452940994,0.34843328026857884,0.2890720094522609,1.0014772056787855
0,0.768476977952874,-3.1509104450503562,-2.3692351027071505,0.9640741588677281,1.9213403879044204,-0.6177204471334423,0.7216480452940994,-2.8699899137911893,-2.1525848111882895,1.0014772056787855
1,0.7060637162223489,0.8337507693956178,0.09489019308123366,0.9254441951079303,0.16712040928397018,-0.37666990938878203,0.642915446695241,0.34843328026857884,0.2983603359941405,0.5678960417767719
0,-1.157858260643578,-1.7877069158022443,0.7815649176091163,-1.0108728636168223,-0.2518487185492289,-0.6177204471334423,0.10683759735473726,0.34843328026857884,1.113540795849797,-0.2781041289132696
1,0.768476977952874,0.9145310927517455,0.014355808989457161,0.9640741588677281,-0.01655753399349229,0.20634786040640501,0.7216480452940994,0.34843328026857884,0.1454202511337482,0.825277131821603
0,-1.157858260643578,0.9145310927517455,2.167913296829554,0.9640741588677281,-0.2518487185492289,-0.6177204471334423,0.7216480452940994,-2.8699899137911893,-2.1525848111882895,1.0014772056787855
1,0.768476977952874,0.9145310927517455,-0.008148447072244889,0.9640741588677281,0.00854280018604737,0.17629539804582836,0.7216480452940994,0.34843328026857884,0.08120964590944922,0.7088204525120964
0,0.768476977952874,0.9145310927517455,2.167913296829554,0.9640741588677281,-2.4250378250028786,-2.370050613930915,0.7216480452940994,-2.8699899137911893,1.6935131357598399,1.0014772056787855
1,0.768476977952874,0.9145310927517455,0.44760810966121706,0.9640741588677281,0.8041038682765993,-0.9221001971061634,0.7216480452940994,0.34843328026857884,1.1737706896990043,1.0014772056787855
0,0.768476977952874,0.9145310927517455,2.167913296829554,-2.985819886101373,-2.4250378250028786,1.1346097196640303,0.7216480452940994,-2.8699899137911893,1.6935131357598399,-0.6189023589449293
1,0.768476977952874,0.9145310927517455,-0.2504775430915003,0.9640741588677281,1.1158913093795044,1.1346097196640303,0.7216480452940994,0.34843328026857884,-0.04575004731930857,1.0014772056787855
0,0.768476977952874,0.9145310927517455,-2.3692351027071505,0.9640741588677281,1.9213403879044204,1.1346097196640303,0.7216480452940994,-2.8699899137911893,1.6935131357598399,1.0014772056787855
1,0.6274499751352276,0.7052015079703154,0.0763786276111239,0.6502748264651579,0.10131624314055361,-0.5697942170715316,0.5662552880799455,0.34843328026857884,0.24388035857562032,0.3607629220309225
0,0.42813206799765285,-0.17006772791078806,-0.4934418398866909,-0.5014352791669325,0.22425355089263665,-0.6980647852811065,0.08176710978658568,0.34843328026857884,0.40241651594882216,-0.3161992524775731
1,0.10735872406657165,0.5206101349464108,-0.16443052369428668,0.6865348537979744,-0.36437645048139883,0.41657491051709783,0.21565075688007013,0.34843328026857884,-0.17547893106986898,0.6539057890669987
0,0.7196251163020678,0.9145310927517455,-0.24455656443010487,-0.3034270906926316,-0.157793094021915,0.067756067514393,-0.5021177046116454,0.34843328026857884,1.6935131357598399,0.46336535606289614
1,0.3250538693803566,0.45428245625716973,0.00206013682671269,0.293342651091525,-0.4814678795371215,0.8965556665045936,0.06866848425940524,0.34843328026857884,-0.15695996945531374,0.6284820336980527
0,0.5612225696322817,0.9145310927517455,-0.2140896129272159,0.2997809783848247,-0.17661291168380358,0.23964213357555703,0.17289410673374392,0.34843328026857884,1.1690399892242582,0.19866015038596616
1,-0.3797729310696992,-0.3369947574529424,-0.13625483213316375,-0.22089405462300213,-0.2518487185492289,0.1725454114888818,-0.1305272034811266,0.34843328026857884,0.01932592994305378,0.32154973656702857
0,-0.48364092713482,-0.6469643475026636,0.18250252867628744,-1.0826819373543606,0.019799919757477254,-0.6688183947972567,-0.44672520679854616,0.34843328026857884,0.3080525028204499,-0.5747146082176405
1,0.768476977952874,0.5568332190482275,-0.5996564839198449,0.6695305599343824,0.538605355141157,0.13623713043283825,0.4863355636652593,0.34843328026857884,0.13980494813120392,0.5024975225485588
0,-1.7693733821360218,-1.3003417842505283,-0.2953045692789229,0.5818824110765178,-2.002417739470837,-0.9919130309513746,0.41092289319540964,0.34843328026857884,-1.3148085258943134,0.7697791317332408
1,0.08169993868846692,-0.19905432607531715,-0.6628816468673892,0.277128336036927,-0.15735845620062425,0.5098689685973954,0.1355298246999897,0.34843328026857884,0.506241930026687,0.00811971738186339
0,-1.8079193502603368,-0.06093094982849061,0.23647190888877648,-0.38108200761672406,1.3427287883111363,-0.575682046431971,-2.3805732815579375,0.34843328026857884,-0.4974550206986317,-0.35301427618582387
1,-0.28463123363542037,-0.06558588038927404,0.20745684487373928,0.028581253257246256,0.11342090646350049,0.6228942643558324,-0.7028626921457145,0.34843328026857884,-0.23932415698920792,0.7043644087093811
0,-1.157858260643578,0.031130973795038083,0.2816165354641667,-0.23140077278261992,-0.2518487185492289,-2.370050613930915,0.3022706998823923,0.34843328026857884,-0.09734545127761773,-0.6620206591595663
1,0.3697063202110223,0.36549321307157173,0.27608121441673195,0.16982946430534115,0.5604676375520807,-1.8701984338519357,0.5227742899781991,0.34843328026857884,0.7418923512361989,-0.823248425839626
1,0.4348935046851262,0.3407143468986681,0.33147979637507513,-0.0635302758714332,0.7534468302051647,-1.7968458930697935,0.6756519501249222,0.34843328026857884,0.8999092853865627,-1.1377478955374427
0,-1.157858260643578,-0.0852829446399254,-2.3692351027071505,0.18566853942566752,-0.2518487185492289,1.1346097196640303,-3.3025072625954284,0.34843328026857884,-1.7391677428708352,1.0014772056787855
1,0.36537206592418037,0.47902066801469534,0.012177977757679538,0.2971345493746954,-0.19658451957211262,0.4294545372430592,0.2001980004977743,0.34843328026857884,-0.15659459015035365,0.5263981211267588
0,-1.157858260643578,0.4661332183398629,-2.3692351027071505,0.5865037871091318,-0.2518487185492289,1.1346097196640303,0.7216480452940994,0.34843328026857884,-2.1384504012332552,0.5487269515272734
1,0.695565189171998,0.9145310927517455,-0.06189096986475716,0.9640741588677281,-0.32013032027400257,1.072156672519368,0.7216480452940994,0.34843328026857884,-0.29561180044279384,1.0014772056787855
0,-1.157858260643578,-1.118189676149305,-0.1006609029387983,-1.0108728636168223,-0.2518487185492289,-0.6177204471334423,-1.2904296086506646,-2.8699899137911893,-0.22953583771422495,-0.6189023589449293
1,0.06185868573092329,0.8406416928021924,-0.3750449524007805,0.9053392344190376,-0.527626416158197,0.9435181149747658,0.6352091892806324,0.34843328026857884,-0.5803384314553638,0.9896970462439709
0,-1.157858260643578,0.2677599985028092,-0.8224758418210926,-0.4049196181781126,-0.2518487185492289,-0.33230090956547004,-0.7188184679414965,0.34843328026857884,-2.1525848111882895,0.3385961295868702
1,0.768476977952874,0.8921305098784559,-1.2193175265865706,0.768218662647935,-0.33208286035949763,1.1346097196640303,0.6107825665617429,0.34843328026857884,-1.903588430102868,1.0014772056787855
0,-1.157858260643578,-1.118189676149305,-0.1006609029387983,-1.0108728636168223,-0.2518487185492289,-0.6177204471334423,-1.2904296086506646,0.34843328026857884,-0.22953583771422495,-0.02608649522734317
1,0.4618429346730909,0.6754221487059151,-0.08872820264801677,0.9455294063265981,-0.4977016021623303,0.7885770816265333,0.7105614974208637,0.34843328026857884,-0.5455120145457485,0.9023261801194606
0,-1.157858260643578,-1.118189676149305,0.14459465379815828,0.07001564178897213,-0.2518487185492289,-0.6177204471334423,-1.0865055384233626,0.34843328026857884,-0.22953583771422495,-0.01673690513946434
1,0.7521031284248042,0.7014613017555373,-1.39882980301424,0.9640741588677281,-1.8463392978453361,1.1346097196640303,0.7216480452940994,0.34843328026857884,-2.1035470623647012,1.0014772056787855
0,-1.157858260643578,-1.118189676149305,-1.5271176740111403,0.5152279490676643,-0.2518487185492289,-0.6177204471334423,0.03571065228778987,0.34843328026857884,-0.22953583771422495,0.38769363039496874
1,0.4009322144286709,0.24785966217526798,0.3374007750364705,0.06663848238052335,0.6423968668653832,-1.5791539164485437,0.44567147427903553,0.34843328026857884,0.843237032138282,-0.898271999681704
0,-1.157858260643578,0.9145310927517455,-1.484491164797493,0.7665794566192731,-0.2518487185492289,-0.6177204471334423,-0.4453569939938637,0.34843328026857884,-2.1525848111882895,0.46675194935295977
1,0.6028892008431228,0.4677390677472946,0.43007203109700765,-0.06961311270068557,0.8784921313905077,-1.515807180918815,0.7216480452940994,0.34843328026857884,1.1578286137089042,-1.1725536485855603
0,-2.563562874304567,-1.9204232548037938,1.7501780436842096,-0.9041269770515324,1.9213403879044204,-0.6177204471334423,0.5476636905574956,0.34843328026857884,0.8422755076515451,-0.6009485533688985
1,-0.5157529355622228,-0.730997024089033,-0.3167199097247362,-0.5406379775632509,-0.09661782067524476,-0.31987688868287595,-0.8592614881868411,0.34843328026857884,0.1367665307531149,-0.15594371353628775
0,0.768476977952874,0.04812451942305071,-0.435366340372621,0.2841788969071967,-0.14497127829383843,-0.12936355294865473,0.7216480452940994,0.34843328026857884,-0.26105461038946487,-0.3001412909921521
1,0.5493948712672996,0.635011659820162,-0.1006609029387983,0.5690847543708181,-0.18380616762616514,0.4462068136376431,0.6850684735453837,0.34843328026857884,-0.1416140386469907,0.3975131305565884
0,-2.6762727491148453,-1.456190485602172,1.0876409486418623,0.3057650678629529,-0.005365610095255992,-1.579591998990243,-0.4999647815219246,0.34843328026857884,-1.6983221826742463,0.13342366911421527
1,0.768476977952874,0.9145310927517455,-0.26197921428432586,0.7226961337796661,-0.30604805486418296,1.1346097196640303,0.4578445440854013,0.34843328026857884,-0.3620146814968533,0.7890292409609703
0,-0.03707789212339041,-0.7486003859477162,-0.3893823413433165,-0.32862741469953444,-0.5679390740829122,-0.39470138680512806,-0.41243940357532727,0.34843328026857884,-1.5232285736394326,-0.29482644602018626
1,0.768476977952874,-0.1209978485495167,-2.198025807850633,0.21880815046295807,1.3883005638734693,1.1346097196640303,0.7216480452940994,0.34843328026857884,-0.33838040961285704,0.9832965469637074
0,-2.625533078930215,-0.44062286225151787,1.7898100349541626,-0.11744632958526141,-0.7692850447958429,-1.7859463994323135,0.19468490772596572,0.34843328026857884,-0.5042626140647298,-1.2381142057702357
1,-0.03416912591310975,-0.3135778141952022,-0.0061294160344510665,-0.35256377261204713,-0.4782298277685056,0.40446630906452735,-0.41014563504983026,0.34843328026857884,-0.22953583771422495,0.09001370057794598
0,-1.157858260643578,-1.118189676149305,2.167913296829554,-1.0108728636168223,-0.2518487185492289,-0.6177204471334423,0.7216480452940994,0.34843328026857884,-0.22953583771422495,0.4288674751320572
1,0.6454612096161044,0.7315049147198949,0.048951565535924516,0.6654819185382891,0.03131782202168159,-0.2075875715944939,0.6254103711059216,0.34843328026857884,0.13876650168552795,0.4528977040754269
0,0.43732068708575783,0.42669843542318253,0.8143004433117734,0.6482801299724484,1.4980248818583142,0.9200719373430157,-0.08640234053011767,0.34843328026857884,1.1302328609395516,0.927782343079699
1,0.768476977952874,0.8802390933803848,0.12912297775573808,0.9043122619673455,-0.29353048561101,1.1346097196640303,0.6387906875046543,0.34843328026857884,-0.1804019364419626,1.0014772056787855
0,-1.8064938621837754,-1.118189676149305,-0.1006609029387983,0.34925340129806254,1.6037939956694132,-0.5397943246159588,-1.2904296086506646,0.34843328026857884,-0.22953583771422495,0.9067660201265295
1,0.768476977952874,0.8872519800330932,-0.08078819294882754,0.9219682883483572,-0.23352873438182464,1.1346097196640303,0.6599376236476133,0.34843328026857884,-0.2442087013818321,1.0014772056787855
0,0.7476532940236463,-0.7336192338809154,-0.1006609029387983,-1.0108728636168223,-0.745227841387401,1.1346097196640303,-1.2904296086506646,0.34843328026857884,-0.33347663473049816,1.0014772056787855
1,-0.5000918300724336,-0.045909143346311826,-0.06883280691604832,-0.6255212005896369,-0.30485280085563343,-0.27580578498791947,-0.0002451753882029415,0.34843328026857884,-0.16288296029361385,-0.02608649522734317
0,0.768476977952874,-1.118189676149305,2.167913296829554,-1.0108728636168223,-2.4250378250028786,1.1346097196640303,0.7216480452940994,0.34843328026857884,-0.22953583771422495,1.0014772056787855
1,-0.25365576299878956,-0.28851436711465234,0.362309719749927,-0.08385248073279927,0.2803652936212699,-1.2256738752021574,-0.5923593873910681,0.34843328026857884,0.1629199967923622,-0.7181019958911931
0,0.768476977952874,-1.118189676149305,-0.1006609029387983,-1.0108728636168223,-2.4250378250028786,1.1346097196640303,-1.2904296086506646,0.34843328026857884,-0.22953583771422495,1.0014772056787855
1,0.598497156499123,0.3914104028750602,0.7667284423426313,-0.11053401500656548,0.5630971963708896,-1.3908134701211514,0.5145247715970256,0.34843328026857884,1.0713491013717757,-1.2265446956788224
0,-0.7297880439226746,-2.6568170077535775,0.5369218759060971,-1.6175568394538515,0.07484679982394818,-0.2970265033078369,-3.3025072625954284,0.34843328026857884,-1.5945929210450551,-2.207506280306373
1,-0.13048588784293244,-0.44062286225151787,-0.32751832291563354,-0.28671903888241224,-0.2518487185492289,0.20003947180593412,-0.7538688606732143,0.34843328026857884,-0.48593595734752204,0.24529467425583654
0,-1.6838055708375674,-1.4795667744445338,0.8067687769685427,-0.8885841439845791,0.012389344904470316,-0.6177204471334423,-1.8269903566281147,0.34843328026857884,-0.3149961340954124,-0.6204093119400294
1,0.09165909187201038,0.20033465059836128,-0.9590440086471473,0.6971798182491661,0.3942404027994411,0.6610074454836773,0.7216480452940994,0.34843328026857884,-0.6972982700220566,-0.09338085854616607
0,-3.08419349924003,-3.1509104450503562,-0.18042397180265357,0.9100791072730007,-0.9734126975650341,-2.370050613930915,0.6116075183998603,0.34843328026857884,-0.2595930931696246,0.925530015484872
1,0.6482158690072977,0.7829327501730917,-0.04952724047601964,0.8989996544768621,-0.27949168398331936,1.0545983242480577,0.6251085594578298,0.34843328026857884,-0.2061900231762498,0.9930512319427424
0,0.768476977952874,-0.1018292916987798,-0.2260903704439905,-0.29769974432742635,-2.4250378250028786,1.1346097196640303,0.7216480452940994,0.34843328026857884,-0.4432058091569283,1.0014772056787855
1,-0.6928794607511665,-0.6976197490636779,-0.33534490390483435,-0.8646280366018414,-0.47666513161185897,-0.6179307267534581,-0.6660014295254465,0.34843328026857884,-0.36216852541473116,-0.6143490923683367
0,0.2396786916057618,0.11737931601950938,-0.2785851774266302,0.22830764564110873,-0.2518487185492289,0.13818221691798335,-0.027951484683022464,0.34843328026857884,-0.38036056870379586,0.2707184296247826
1,-0.2588953948477719,-0.7312409505813012,0.27744235893659297,-0.8574984778506721,0.3276756204687657,-0.6192800209818922,-0.7874101951644735,0.34843328026857884,0.2313420792685694,-0.6799258533486583
0,-1.0374623082313,-1.118189676149305,0.2538038157750067,0.22346902543602168,-0.2518487185492289,-0.6724807648458634,-2.6108555690519157,0.34843328026857884,-0.10934527687209589,-0.3657180519724738
1,0.768476977952874,0.9145310927517455,-0.1251841900382942,0.8679929862238548,-0.3105900200966711,1.1346097196640303,0.7216480452940994,0.34843328026857884,-0.3542647941337528,0.922645739859842
0,0.768476977952874,0.9145310927517455,0.022431933140632496,0.7956704262604704,-0.07649408954948396,1.1346097196640303,0.4252891276445753,0.34843328026857884,1.6935131357598399,0.7000055876805433
1,0.768476977952874,0.9145310927517455,-0.1370488331030827,0.8267758418646021,-0.07753722032058169,1.1346097196640303,0.5279654503253765,0.34843328026857884,-0.19869013217970094,1.0014772056787855
0,-0.7148011557663942,-0.5439460589347583,0.551554179494603,-0.37395244886555484,-0.03452980790386397,-1.0926720155422294,-1.702905527709341,0.34843328026857884,0.3810322113637906,-0.7606855708495043
1,0.06214763601671294,0.3047148620814302,-0.025049324860519126,0.37159005212236285,-0.1069622008219641,0.4336776529450411,-0.08318301628380619,0.34843328026857884,-0.10132616265270902,0.5153633362916711
0,-1.028716746248072,-1.118189676149305,-0.1196715547328571,-0.9998329097611337,-0.23363739383714735,-0.5394088119792633,-1.1724011334702646,0.34843328026857884,-0.25101629474793025,-0.6189023589449293
1,0.2397750083676916,-0.1513463696292095,0.5507148070406886,-0.985850284841943,1.2095774917587212,0.18938530439180543,0.6140622531376729,0.34843328026857884,1.3561141933638152,-1.695725598615619
0,-1.2076732899136824,-1.088979478700197,-0.06806149168812707,-1.1641090030913988,-0.1519254834344901,-0.5724051890200598,-1.1805701687452805,0.34843328026857884,-0.14111404591388743,-0.7725629530581962
1,0.3775079779273379,0.5079869389715355,-0.12525224726428724,0.5496315261993452,-0.22829134863527137,0.8359425660350691,0.16659630367689687,0.34843328026857884,-0.22574743123648103,0.6790054685230201
0,-1.1496135458223855,-1.077596242394351,-0.042403917488747014,-0.968608997335653,-0.2518487185492289,-0.6627202858168014,-1.2129243774207121,0.34843328026857884,-0.267939125714502,-0.6951898288474138
1,-0.34247908085047185,-0.5965731996416065,0.4154624132504995,-0.9742968447604086,0.47829935743706825,-0.18195098125424686,-0.3429422414080752,0.34843328026857884,0.6862008529643898,-1.4548075649473649
0,-0.8889611246878995,-0.9042254880147805,-0.08509848392838741,-0.7623060313669169,-0.3413623778440547,-0.4493039948025373,-1.1154593358636278,0.34843328026857884,-0.3879566121490184,-0.14798764987398527
1,-0.2281510844397725,-0.6796911518819705,0.774418908879846,-2.115677977464905,1.150597139409569,-0.5696715539598557,0.6076236046450495,0.34843328026857884,1.2610963435844615,-1.2409822775996198
0,-1.0790711493849832,-1.075177304679359,-0.08466745483043142,-0.9885954612031967,-0.2702338983898268,-0.6473873968573236,-1.2506910749852553,0.34843328026857884,-0.2078438452934375,-0.6851758831380392
1,0.4203304102813372,0.4575957911104785,-0.09895947228897203,0.6543432173314763,-0.3751989322315381,0.677882384989937,0.43464528873541836,0.34843328026857884,-0.3099577457849103,0.7376632087623985
0,0.768476977952874,-3.1509104450503562,-2.3692351027071505,0.9640741588677281,1.9213403879044204,-2.370050613930915,0.7216480452940994,0.34843328026857884,1.6935131357598399,1.0014772056787855
1,-0.40876427641057583,-0.9381312704400501,0.7897998419542753,-1.852694031950862,1.4091631792954245,-0.27308967322938343,0.42404163949912943,0.34843328026857884,1.6724172885208293,-1.6888389854659682
0,0.768476977952874,0.15226080441385154,2.167913296829554,0.9640741588677281,0.8619106985082663,-2.2714820420485573,0.7216480452940994,0.34843328026857884,-2.1525848111882895,1.0014772056787855
1,0.0508207848137656,-1.0783280218711555,1.1448317042180223,-1.978991894038749,1.9213403879044204,-0.20541468218766504,0.7216480452940994,0.34843328026857884,1.6935131357598399,-1.6673851600303502
0,-3.08419349924003,-3.1509104450503562,-0.1006609029387983,-1.0108728636168223,-2.4250378250028786,-2.370050613930915,-1.2904296086506646,0.34843328026857884,1.6935131357598399,-0.6189023589449293
1,-0.12351255427921315,-1.5699008854144965,0.907584214406248,-1.6691819546215976,1.7206029101412967,-0.22831763746770806,-0.3961818161314537,0.34843328026857884,1.6935131357598399,-1.699160803292621
0,-1.157858260643578,-1.118189676149305,-0.1006609029387983,-1.0108728636168223,-0.2518487185492289,-0.6177204471334423,-1.2904296086506646,-2.8699899137911893,-0.22953583771422495,-0.6189023589449293
1,0.768476977952874,-0.1018292916987798,-0.1006609029387983,0.47033740324659046,-0.2518487185492289,0.6025146645159777,0.7216480452940994,0.34843328026857884,0.7319886490228075,0.5963823145228568
0,0.768476977952874,-1.118189676149305,2.167913296829554,0.9640741588677281,1.9213403879044204,-2.370050613930915,-3.3025072625954284,-2.8699899137911893,-0.22953583771422495,-0.6189023589449293
1,0.768476977952874,0.2369642788539583,-0.1006609029387983,0.9640741588677281,-0.2518487185492289,0.9399083148311631,0.7216480452940994,0.34843328026857884,-0.015865866271521627,0.6413964588281037
0,-1.157858260643578,-1.118189676149305,-0.1006609029387983,-1.0108728636168223,-0.2518487185492289,1.1346097196640303,-1.2904296086506646,-2.8699899137911893,-0.22953583771422495,1.0014772056787855
1,0.768476977952874,0.9145310927517455,0.9305194995659063,0.9640741588677281,-1.2396718268877354,1.1346097196640303,0.7216480452940994,0.34843328026857884,-0.0547114555356977,1.0014772056787855
0,-1.157858260643578,-1.118189676149305,-1.544290780703387,-0.3301086249663978,-0.2518487185492289,-0.2991117762063259,-0.040506849243637615,0.34843328026857884,-0.22953583771422495,-1.490472119164733
1,0.768476977952874,0.9145310927517455,0.16623685166394833,0.9640741588677281,0.25948094630825025,1.1346097196640303,0.7216480452940994,0.34843328026857884,0.562298807603456,1.0014772056787855
0,-3.08419349924003,0.9145310927517455,-0.1006609029387983,-0.8532918406927801,-1.6158725931059266,0.6872047814772996,-1.2904296086506646,0.34843328026857884,0.7524498901005715,-0.6189023589449293
1,0.44741468373600307,0.3216474260863761,0.561014133907637,0.7172057810571593,-0.6140541469218588,0.6235075799142115,0.5539816143908824,0.34843328026857884,0.2512264056542912,0.7989297601008213
0,-1.157858260643578,-1.118189676149305,-0.4787641648141896,-1.0108728636168223,-0.2518487185492289,-0.5727907016567552,-0.9163843727823329,0.34843328026857884,-0.22953583771422495,-0.6189023589449293
1,0.768476977952874,0.8992043781542316,-0.28629832970584257,0.9640741588677281,-0.4979841167461692,-0.1951109808068959,0.7216480452940994,0.34843328026857884,-0.8026428927889658,0.5653358420646664
0,-3.08419349924003,-3.1509104450503562,2.167913296829554,-0.32657346979615043,1.9213403879044204,-0.0028628382075451394,0.7216480452940994,0.34843328026857884,-1.8152050992820001,0.5608473906706588
1,0.7649132577614705,0.5129467776476538,0.4455437071394278,0.7649797495310604,-0.24382965074641497,-0.34335811291796203,0.7216480452940994,0.34843328026857884,-0.809008184891165,0.14581957278358668
0,0.768476977952874,-1.118189676149305,2.167913296829554,-1.0108728636168223,-2.4250378250028786,-2.370050613930915,-3.3025072625954284,-2.8699899137911893,-0.22953583771422495,1.0014772056787855
1,0.6994949130587349,0.6507652457791452,-0.5418532133097475,0.602698352693505,-0.6359381612238469,-0.649963322202516,0.5656516647837622,0.34843328026857884,-0.664183366698833,-0.01524615594001056
0,-2.1343946464976633,0.9145310927517455,-2.3692351027071505,0.9640741588677281,1.9213403879044204,0.6052658228778497,-3.3025072625954284,0.34843328026857884,-2.1525848111882895,-0.6189023589449293
1,-0.19469064134535213,-0.9166250847050769,0.8852614442805276,-1.756691857187888,1.4032521049258706,-0.06687545920065682,0.4032769981104195,0.34843328026857884,1.567745732894636,-1.6376187874282127
0,-1.157858260643578,0.9145310927517455,2.167913296829554,-2.985819886101373,-0.2518487185492289,-2.370050613930915,0.7216480452940994,0.34843328026857884,-2.1525848111882895,1.0014772056787855
1,0.768476977952874,0.44950556245025214,1.3409726295299944,-1.6691819546215976,1.9213403879044204,-0.6177204471334423,0.7216480452940994,0.34843328026857884,1.6935131357598399,-2.2392819235686443
0,-3.08419349924003,-1.118189676149305,2.167913296829554,-2.985819886101373,-2.4250378250028786,1.1346097196640303,-3.3025072625954284,-2.8699899137911893,-0.22953583771422495,-0.6189023589449293
1,0.768476977952874,0.9145310927517455,0.054577629551350024,0.9640741588677281,0.05698318536889917,1.1346097196640303,0.7216480452940994,0.34843328026857884,0.19561182934142135,-1.2265446956788224
0,-1.157858260643578,-1.118189676149305,-2.3692351027071505,-1.0108728636168223,-0.2518487185492289,-0.6177204471334423,-3.3025072625954284,-2.8699899137911893,-0.22953583771422495,-0.6189023589449293
1,-0.03549829722774145,-1.385065585898324,-0.27978752175250743,-0.4224176487973257,-0.5643533120572638,-0.7003778611012791,0.01635446525684132,0.34843328026857884,-0.640760630201919,-0.2904676249913485
0,-1.157858260643578,-1.118189676149305,-0.1006609029387983,-1.0108728636168223,-0.2518487185492289,-0.8367617179831265,-1.2904296086506646,0.34843328026857884,-0.22953583771422495,-0.6189023589449293
1,0.7562062224830143,0.8361087254875431,0.016147982607274156,0.8754582859688461,-0.031856785302925995,-0.22472536062577325,0.7216480452940994,0.34843328026857884,0.054229268811608056,0.46310609533255626
0,-3.08419349924003,-3.1509104450503562,-0.3167199097247362,0.9640741588677281,-2.4250378250028786,-2.370050613930915,0.7216480452940994,0.34843328026857884,-2.1525848111882895,0.14857421804344698
1,0.012602293680012049,0.7582961744540107,-0.10497119391835817,0.8282570521314654,0.6870559030030058,0.7546519695973343,0.5942634090228562,0.34843328026857884,-1.0012361602796325,0.752392459004828
0,0.768476977952874,0.9145310927517455,-2.3692351027071505,0.9640741588677281,1.9213403879044204,-1.9319680722315467,0.7216480452940994,0.34843328026857884,1.6935131357598399,-0.6189023589449293
1,0.768476977952874,0.9145310927517455,0.42242693604378834,0.9640741588677281,-1.9579977541349245,1.1346097196640303,0.7216480452940994,0.34843328026857884,-0.4295521614452624,0.9334536715558821
0,-3.08419349924003,-1.2739164142548145,-2.3692351027071505,0.9640741588677281,-2.4250378250028786,-0.6310556797027711,-0.5484558529819934,0.34843328026857884,1.6935131357598399,0.16996322829647997
1,0.39869766555189895,0.9145310927517455,0.7674090146025617,0.9275573884219888,-0.620508518568026,1.1346097196640303,0.3161540356946112,0.34843328026857884,-0.37670677565419514,1.0014772056787855
0,-1.157858260643578,-1.118189676149305,-0.1006609029387983,-1.0108728636168223,-0.2518487185492289,1.1346097196640303,-1.2904296086506646,-2.8699899137911893,-0.22953583771422495,1.0014772056787855
1,0.768476977952874,0.8052316970079358,-0.7455711764489455,0.9640741588677281,-0.802665229470971,-0.32676354623839,0.7216480452940994,0.34843328026857884,-0.9044106444652134,0.5112799797888193
0,-1.157858260643578,-1.118189676149305,-0.1006609029387983,-2.68957783272869,-0.2518487185492289,-0.6177204471334423,-1.2904296086506646,0.34843328026857884,-0.22953583771422495,-2.2392819235686443
1,0.6809250413586652,0.4525546436036038,0.10557517756214262,0.9640741588677281,-0.4494133402169302,0.8956619781195269,0.7216480452940994,0.34843328026857884,-0.22953583771422495,1.0014772056787855
0,-3.08419349924003,0.9145310927517455,-0.1006609029387983,-2.985819886101373,1.9213403879044204,1.1346097196640303,-1.2904296086506646,-2.8699899137911893,1.6935131357598399,-2.2392819235686443
1,0.7118234585857521,0.5558168586637768,-0.30083989032635766,0.7898048336036914,0.13165396306664662,1.0830736894585165,0.5441023131100136,0.34843328026857884,-0.059845996294873464,1.0014772056787855
0,-3.08419349924003,-0.5418320293351012,2.167913296829554,-2.985819886101373,0.07943222883856543,-2.370050613930915,-3.3025072625954284,0.34843328026857884,1.6935131357598399,-0.16031873836077176
1,0.45604466560491547,0.5721192792303635,-0.33945102320641507,0.34040563863733186,-0.21368751783990284,0.43630614819523744,-0.3373486655301086,0.34843328026857884,-0.17924810705787816,0.7456354762203473
0,-1.157858260643578,-1.1572788965352723,-1.2349480028229745,-1.0108728636168223,-0.2518487185492289,-0.6177204471334423,-1.3033270264124506,0.34843328026857884,1.6935131357598399,-0.6189023589449293
1,0.768476977952874,0.5449418025501566,0.9305194995659063,0.9640741588677281,0.9335172795659141,1.1346097196640303,0.7216480452940994,0.34843328026857884,0.994215607045731,1.0014772056787855
0,0.768476977952874,-3.1509104450503562,-2.3692351027071505,-1.0108728636168223,-2.4250378250028786,1.1346097196640303,-3.3025072625954284,-2.8699899137911893,1.6935131357598399,-0.6189023589449293
1,0.06798443178966015,-0.5638057408469215,0.10557517756214262,0.24590442361144624,-0.054284096881527646,0.019496894720790598,-0.375839711050072,0.34843328026857884,0.12011292664282955,0.412242380799018
0,-1.157858260643578,-3.1509104450503562,-1.454477928134558,-2.7309924717901914,-0.2518487185492289,-0.6177204471334423,-3.3025072625954284,0.34843328026857884,1.0111384380123027,-0.6189023589449293
1,0.768476977952874,0.9145310927517455,0.22342760724010846,0.9640741588677281,1.3004385282995483,1.1346097196640303,0.7216480452940994,0.34843328026857884,1.1440788135485649,0.07554371106585622
0,0.768476977952874,0.9145310927517455,2.167913296829554,0.9640741588677281,-2.4250378250028786,1.1346097196640303,0.7216480452940994,-2.8699899137911893,1.6935131357598399,1.0014772056787855
1,-0.11869671618272212,-0.907193260337376,0.964933770176392,-1.7620044646783715,1.5336651832041541,-0.16257020960946678,0.46072181513054267,0.34843328026857884,1.6026490717631903,-1.5811323558054298
0,0.768476977952874,0.9145310927517455,-2.3692351027071505,0.9640741588677281,1.9213403879044204,1.1346097196640303,0.7216480452940994,-2.8699899137911893,-2.1525848111882895,1.0014772056787855
1,0.5617041534419308,0.6319422514591214,-0.00597061584046728,0.6416640574471252,0.09077627597425343,-0.3669269536613881,0.5739011831649357,0.34843328026857884,0.15105478462602723,0.3549619631895697
0,0.768476977952874,0.9145310927517455,2.167913296829554,0.9640741588677281,-2.4250378250028786,-2.370050613930915,0.7216480452940994,-2.8699899137911893,-2.1525848111882895,-0.6189023589449293
1,0.6474260715594728,0.6239536588373403,0.2088860466195933,0.5501055134847413,0.299250306956352,-1.2929283070038446,0.5916074665196495,0.34843328026857884,0.5162033237092827,0.055645450012276894
0,-3.08419349924003,-3.1509104450503562,-2.3692351027071505,0.9640741588677281,1.9213403879044204,-2.370050613930915,0.7216480452940994,-2.8699899137911893,1.6935131357598399,1.0014772056787855
1,0.24954152802737564,0.19525284867610876,0.19581905922892764,-0.2816631745048518,0.27673606781349225,-1.084436063758281,0.33184824139538016,0.34843328026857884,0.1365742258557675,-0.372361608187431
0,0.768476977952874,0.9145310927517455,-2.3692351027071505,0.9640741588677281,1.9213403879044204,1.1346097196640303,0.7216480452940994,-2.8699899137911893,-2.1525848111882895,1.0014772056787855
1,0.6552084659234026,0.6865208041041144,0.1961139738748975,0.7470077316264511,0.18357145081982423,-0.6696244666739835,0.6706821183196786,0.34843328026857884,0.39060899525169157,0.3297974685509633
0,0.768476977952874,-1.118189676149305,-0.1006609029387983,0.9640741588677281,1.9213403879044204,-2.370050613930915,-1.2904296086506646,-2.8699899137911893,-0.22953583771422495,-0.6189023589449293
1,0.5064761221513703,0.3571997123344555,0.24985649666740975,0.38320274061457227,0.39482716385818356,-1.5490138375796272,0.566879032152668,0.34843328026857884,0.4779538796268835,-0.30895615582370506
0,0.768476977952874,0.9145310927517455,-0.1006609029387983,-1.0108728636168223,1.9213403879044204,-2.370050613930915,-1.2904296086506646,-2.8699899137911893,1.6935131357598399,-2.2392819235686443
1,0.11209750875351895,-0.5256922264300269,0.7645279253688559,-1.1437078003491332,1.2570182099526044,0.206382907009741,0.4963758311584436,0.34843328026857884,1.4606703660516003,-1.8980299872588897
0,0.768476977952874,0.9145310927517455,-2.3692351027071505,0.9640741588677281,1.9213403879044204,1.1346097196640303,0.7216480452940994,-2.8699899137911893,1.6935131357598399,1.0014772056787855
1,0.38611869644386426,0.4841227971446372,-0.9693660212560934,0.0868026914800907,-0.028488342187922844,-0.003178257637568708,0.1889102448591444,0.34843328026857884,0.06403681857632577,0.18597257839496237
0,-1.157858260643578,-1.118189676149305,-0.1006609029387983,-1.0108728636168223,-0.2518487185492289,-0.6177204471334423,-1.2904296086506646,-2.8699899137911893,-0.22953583771422495,-0.6189023589449293
1,0.7162155029297524,0.8926183628629925,-0.08042522107686459,0.8811461333936019,-0.2574990102260084,1.0968470045695449,0.613981770031515,0.34843328026857884,-0.22238209553290142,0.9087428831953704
0,-3.08419349924003,-3.1509104450503562,2.167913296829554,-1.0108728636168223,-2.4250378250028786,-2.370050613930915,0.7216480452940994,-2.8699899137911893,-2.1525848111882895,-0.6189023589449293
1,0.21835416051449902,0.32632268385484847,-0.4840499426996498,0.33337482723728684,-0.2189683673685852,0.3717503048504186,-0.2750144998108999,0.34843328026857884,-0.18611339189318055,0.46712463665282317
0,0.6138500483507365,0.5440270782041512,2.167913296829554,0.49180507738099744,-1.905363113976617,1.1346097196640303,0.09245124212903222,0.34843328026857884,-0.1459216683475726,0.8957960504740268
1,0.768476977952874,0.9145310927517455,-0.27711060419678074,0.5690847543708181,-0.8957646507914452,0.9154282624010023,0.24470515820303276,0.34843328026857884,-1.8783772580606228,0.1792804107930664
0,-0.36334129148447153,-0.5803520879057762,0.25241998551314804,-0.5498017317475792,-0.09118484790911063,-0.7813705614106584,-0.515357175574602,0.34843328026857884,0.23439972713639318,-0.681951327804438
1,0.29070731207618183,0.13209621438635324,-0.1726881337814435,0.054966545477639926,-0.36826645898195093,0.5887413494049494,-0.1326801265708473,0.34843328026857884,-0.2524201204985663,0.5288610980649867
0,-1.2432527017705588,-0.9479696389615312,-0.44709486898542333,-1.0400625806091441,-0.1233915104667537,-0.5400396508393105,-1.1615761556920419,0.34843328026857884,-0.27690053393089115,-0.5869808815218421
1,0.2039451729297977,0.3119920024340961,0.14547939773606794,0.4559795383931278,-0.4025593830817895,0.7641495991013766,-0.045818734250051965,0.34843328026857884,-0.19726707593933013,0.7368530189800866
0,-1.157858260643578,-1.7202815678977963,0.7148688361359268,-1.0108728636168223,-0.2518487185492289,-0.5068154708768303,-0.781052029778008,0.34843328026857884,-2.1525848111882895,-0.6189023589449293
1,0.5723375239589831,0.7947022034250287,-0.12010258383081308,0.7502861436837756,-0.30541783002331135,0.9317599795555548,0.48227116680429083,0.34843328026857884,-0.2645737900109224,0.7930639860768833
0,-1.157858260643578,-1.118189676149305,-1.2349480028229745,-0.09335197591094992,-0.2518487185492289,-0.6177204471334423,-0.4311114842039347,0.34843328026857884,-0.22953583771422495,-0.3522202901991583
1,0.6145050023318596,0.7608980570382041,-0.06366045774057648,0.7503651415646748,-0.22348860071000878,0.8458958013824786,0.4973617492088765,0.34843328026857884,-0.2034016021647124,0.7750291615226214
0,0.768476977952874,0.6796298806975402,-0.1006609029387983,-1.0108728636168223,0.028253625381581958,1.1346097196640303,-1.2904296086506646,0.34843328026857884,-0.26799681718370627,1.0014772056787855
1,0.48228135155459884,0.487659731282525,-0.016406057159401702,0.5606122316443594,-0.2549563789714576,0.8091844843880716,0.3422305620897353,0.34843328026857884,-0.21580526804362013,0.7236955369153422
0,-1.157858260643578,-1.118189676149305,-0.1006609029387983,-1.0108728636168223,-0.2518487185492289,-0.6177204471334423,-1.2904296086506646,0.34843328026857884,-0.22953583771422495,-0.6189023589449293
1,-0.32728029581794593,-0.08863693390861199,-0.059418223987009654,-0.020831921245317277,-0.46069219167942466,0.338088042346239,-0.2870064826284108,0.34843328026857884,-0.30945775305180706,0.2354751740942169
0,-1.157858260643578,-1.118189676149305,-0.1006609029387983,-1.0108728636168223,-0.2518487185492289,-0.6177204471334423,-1.2904296086506646,-2.8699899137911893,-0.22953583771422495,-0.6189023589449293
1,0.768476977952874,-0.6100094839240424,1.033626196945378,-0.6780745408579508,0.29144855806418346,-0.5787486242238666,0.7216480452940994,0.34843328026857884,1.6935131357598399,-1.326408688246582
0,-1.157858260643578,0.9145310927517455,-0.1006609029387983,-2.985819886101373,-0.2518487185492289,-0.6177204471334423,-1.2904296086506646,0.34843328026857884,1.6935131357598399,-0.6189023589449293
1,0.07690336394436155,-0.4809926967218928,0.762009808007113,-1.0885475300111396,1.2522589258094707,0.3677725153717881,0.46104374755517347,0.34843328026857884,1.4363053355576836,-1.9336135224980269
0,-1.157858260643578,-1.118189676149305,-0.1006609029387983,-2.985819886101373,-0.2518487185492289,-0.6177204471334423,-1.2904296086506646,0.34843328026857884,-0.22953583771422495,-0.6189023589449293
1,-0.010282568954513805,-0.7183128464910904,0.8859647022824558,-1.4868943444462737,1.4357412820673525,0.40103174193760416,0.48380034582128884,0.34843328026857884,1.5884569703389517,-1.8723631749552503
1,-0.8643618236910228,-0.8149280646369573,-0.04349283310463582,-1.5185527452167011,0.21056245952197866,-0.35350410458371945,-0.6297840317544406,0.34843328026857884,1.1935780941257872,-0.8314475464366221
1,-0.11686669770605548,-0.8676365141745617,0.7868280097525788,-1.666970013956415,1.4558215494109843,0.040139344085664753,0.38818641570583384,0.34843328026857884,1.4897084055510585,-1.5864958121643344
1,-0.01968308491886448,0.1097566131361306,-0.17983414251071378,0.23683941677824197,-0.2413956789471869,0.4640455347356415,-0.03620100306419598,0.34843328026857884,-0.37301452162512494,0.47499968133689435
1,0.20544771441590293,0.3503087889278809,-0.15487982631326191,0.5538381633572372,-0.17993789101667768,0.3621124889330324,0.20754208393467277,0.34843328026857884,0.09569020467970889,1.0014772056787855
1,0.34770757178625084,0.456884338841363,0.328621392883367,0.27436341020544847,-0.21316595245435396,0.3178311056180602,-0.05223726196613559,0.34843328026857884,-0.17863273138636643,0.49292107932163276
1,0.475731811743371,0.59622734754953,0.02127496029875063,0.6540074763376537,-0.24745887655419258,0.5497520031937057,0.08416148219477977,0.34843328026857884,-0.223747460304068,0.6874800536460021
1,-0.4124435767162951,-0.11951396238821892,-0.1006609029387983,-0.08349699026875203,-0.02507643529079061,-0.0006023322923764737,-0.2843907816782825,0.34843328026857884,-0.10411458366424643,-0.041204636565282435
1,0.34716819791944376,0.3378075561991395,0.11297072945338743,0.3581604123694681,0.1970452232798369,-1.0648450124934854,0.31581198249344056,0.34843328026857884,0.31022554816047565,-0.07844095896033541
1,0.768476977952874,0.8818042883724386,0.1217047401224956,0.5762933110028866,0.2936434790617017,-1.3237517946378121,0.7216480452940994,0.34843328026857884,0.405916465080545,-0.14166816957195277
1,0.5180726602877213,0.4855457016828678,0.20389518338010298,0.2410065549956845,0.43364032129944585,-1.5433538111408711,0.508569021741349,0.34843328026857884,0.6048366508967024,-0.4708968895121991
1,0.5940665854503512,0.6115743893547331,0.29629421053666793,0.4442286036093447,0.46841134700270415,-1.9375930520669669,0.613619596053805,0.34843328026857884,0.7312194294334178,-0.32789839293415635
1,0.5005237462641074,0.3631149297719575,0.31217422993504645,0.18248887471946718,0.5205678855575918,-1.7691765997360616,0.5559936920448272,0.34843328026857884,0.6502013761809554,-0.6124856558690194
1,0.07374417415306342,-0.1341698791319956,0.3781443676643101,-0.7146308102441398,0.5763971137023859,-0.9675205950295538,0.2513651352375898,0.34843328026857884,0.7800648733596591,-1.0643609050556349
1,0.48780993368937076,0.5308753748293612,-1.4828351056316622,0.10740138892460467,0.9498813935375102,0.14426280259677052,-0.10451103941562057,0.34843328026857884,-0.08944171999663933,0.5454051734197948
1,0.19094241006927157,0.5403885080278181,0.1576162697048286,0.3944401891725093,-0.5157608036369601,0.15577561179263005,0.7216480452940994,0.34843328026857884,-0.043442388551139674,0.24202150753529678
1,0.39403593427449557,0.4476354593428633,0.05346602819346355,0.306910537135994,-0.3018103361065983,0.15815878081947457,0.4166774352856914,0.34843328026857884,-0.29297722334913434,0.016270226591920733
1,0.7063526665081383,0.8471057448472976,0.08111994768863974,0.7266855267650851,-0.2623234900423355,1.007986341811245,0.7216480452940994,0.34843328026857884,-0.24342025130270767,0.9771229008224913
1,-0.3336949921624722,0.3068085644733985,-0.38130621719214114,0.4347093589609693,-0.5206939429086098,0.21328708786692313,-0.3258798229026235,0.34843328026857884,-0.9828902730726897,0.06599967543022253
1,0.31636609745428657,0.13055134660198828,-0.2002059388246336,0.2799130113386302,-0.18734846586968462,0.5443548262799697,-0.012559090630344926,0.34843328026857884,0.4633002464490112,0.3465846008404649
1,0.01959489059611721,0.07859500374887758,-0.18223883116246825,0.1518969453411817,-0.22255412939423372,0.3391744870496534,-0.28213725470586437,0.34843328026857884,-0.1992862773614779,0.3096237429713981
1,0.1263716528715185,0.16459941948108095,-0.11533857801129953,0.5294673170997779,-0.3432747842577339,0.2442682852159024,0.14862845022717014,0.34843328026857884,-0.32911131356071205,0.2620818065453383
1,0.3261326171139706,0.20683935705884482,0.13459024157717983,0.19360782645605523,-0.17672157113912626,0.4553189305049899,0.08076107095961318,0.34843328026857884,-0.07284580735555815,0.6494011338773448
1,0.13507868814997442,-0.04326660634674053,-0.16218463523651602,-0.013366621500325667,-0.16344338569869446,0.41585645514871084,-0.06954112979006066,0.34843328026857884,-0.314284605975227,0.41924242051819244
1,-0.5874318697903967,-0.40773344021069896,0.11959496611671101,0.12041628980277783,-0.12526045309830383,-0.15836461720915293,-0.2941493582999147,0.34843328026857884,-0.22953583771422495,0.14408576664943928
1,0.6355983731944908,0.5873443577894324,-0.05104718518986444,0.464531059000486,0.48920876675146563,-1.2260769111405208,0.6979457705306303,0.34843328026857884,0.4478004717228101,-0.10362165739458794
1,0.5780009495604568,0.5494341154494278,0.25800067804457816,0.40634911971809107,0.5139179268918435,-1.7699476250094524,0.6794950184439565,0.34843328026857884,0.7043159742945158,-0.5427445194076147
1,0.613715204884035,0.4450132495509809,0.39109792634498736,0.042010893010141034,0.7702021182159224,-1.5747555677298821,0.7156319331088047,0.34843328026857884,0.9707351790796126,-1.0769674580684072
1,0.6939663309239633,0.5184351237236867,0.3521238215929671,0.10866535501899473,0.6348776325570537,-1.9354552092634736,0.6075833630919707,0.34843328026857884,0.8583137360903186,-1.019816670824129
1,0.3925719194931623,0.06418301349736905,0.5364001038401502,-0.32041163508599874,0.8960514993706534,-1.0801428548496275,0.6003600043143092,0.34843328026857884,1.1771937168717883,-1.572252675791292
1,0.1392010455605709,-0.22586591301712183,0.6969017284737613,-1.0828201836459344,1.1005920580700708,0.02338706769108099,0.5171203517706141,0.34843328026857884,1.5849185602277593,-1.700505718331259
1,-0.7088680432315171,-1.0417797024463147,0.12676366058797903,-0.7732867368119309,0.12396087362980067,-0.6160382101733167,-0.7054582723193032,0.34843328026857884,0.43076225781782995,-0.721439977794318
1,0.768476977952874,0.4139939306175508,-0.906594573148503,0.6188336698672038,0.5161128478893618,-0.3443218945097007,-0.11418913293109506,0.34843328026857884,-0.24038183392461865,0.5537339243819607
1,0.2323971444038674,0.21993007881056736,0.1991311775605894,-0.539097518885713,-0.12017519058920231,-0.28886064473056067,0.3918483970360132,0.34843328026857884,-0.06963431556985646,-0.1432885491365765
1,0.49374304622424775,0.6121435511700253,0.17004805631955913,0.5091648617086367,-0.22929101562424004,0.7466963906400738,0.6025330481805694,0.34843328026857884,-0.1998055005843159,0.5937572996281666
1,0.3821697092047415,0.894386829931936,-0.002522383056819384,0.7558159953467322,0.1457796922585953,0.7129114650242184,0.46231135647715893,0.34843328026857884,0.333763667595798,0.8174669023201167
1,0.7490980454525935,0.4237306631005867,-0.042834946586703,0.4567695172021218,-0.03905004124528756,0.9665437333664845,0.21693848657859496,0.34843328026857884,0.018095178600030376,0.8634532743641378
1,-1.0381750522695805,0.1485205981990737,0.3423235810499678,-0.11104750123241154,-0.6504767963460217,-0.057798388936645885,-0.3379724096028317,0.34843328026857884,-0.21018996504107584,0.28236895869442713
1,0.1880336438589909,0.6121028967546474,0.23256996126517498,0.5884194857209418,-0.5547043524246095,0.3261021040053444,-0.0854566640327637,0.34843328026857884,-0.4975319426575706,0.21416718281941505
1,0.5067265457323882,0.5476859755881729,-0.17772436850492923,0.4441298562582205,-0.4364176693603373,0.6546640102798705,0.41406173433556326,0.34843328026857884,-0.22953583771422495,0.6471326024868717
1,0.449167648803126,0.6052119733480726,-0.2855950717039144,0.5132727515154045,-0.09240183380872466,0.7584370027576167,0.4756111897697338,0.34843328026857884,-0.15115236155542205,0.8077284211367279
1,-0.1223567531360554,0.36014715744936193,-0.4010428127301258,0.3629990325745551,0.11750650198363333,0.0402620071973406,0.2126728819522318,0.34843328026857884,-0.04711541209047516,0.4026335299807994
1,-0.021705736919390747,0.00858810046792534,0.15586946757100698,-0.06499173666807181,-0.23739701099131214,0.32256239706841344,-0.3490790782526067,0.34843328026857884,-0.09734545127761773,0.264933674579076
1,0.2315110301941128,0.1331329019784926,0.5226298584475565,-0.24409968213719568,0.6800365021891606,-1.1523914276266871,0.4825327368993038,0.34843328026857884,0.9947155997788342,-1.6739963086540148
1,0.38161107198554833,0.10046707922225265,0.5636229942373705,-0.49337749531519554,0.959834599645068,-0.8558621168012188,0.5837603636692648,0.34843328026857884,1.1472903053342667,-1.8071104898878532
1,0.25283556128537554,-0.4248489490848458,0.5942941174182388,-0.8979651423413806,1.0046022952380131,-0.17276877118022815,0.48504783396673473,0.34843328026857884,0.8959670349909409,-1.9382478080528505
1,0.1762444721987808,-0.11739993278856196,0.55706681480004,-0.5765622639022449,0.784805949011291,-0.1767640839605263,0.38923269608588484,0.34843328026857884,1.0854642808370754,-1.758839382657713
1,0.30939276389056747,-0.11595670104264214,0.6516890446723781,-0.5844423025219582,1.103112957433557,0.013486402248675191,0.5781869085678377,0.34843328026857884,1.3909406102734307,-2.0363131793038773
1,0.10468111808492259,-0.4075098409261198,0.6129417973403346,-0.669345275018569,1.0014511710336553,0.1375338547562683,0.3869791691134669,0.34843328026857884,1.1296174852680398,-1.8297309886100002
1,0.7310675476193306,0.9145310927517455,-0.16272909304446043,0.9387948369799258,-0.3410363994780867,1.0843528904802788,0.6905614455406529,0.34843328026857884,-0.37636062683896976,0.9592825218159843
1,0.6561716335427007,0.812773091060559,-0.13539277393725177,0.8826668426009149,-0.2300950955936279,0.9942655966052207,0.601969666437465,0.34843328026857884,-0.2578431186037632,0.9279929924231001
1,0.6013481326522456,0.8449104064168845,-0.42697261583347806,0.9370173846596896,-0.2568035897119433,0.8785592356915836,0.661929580525019,0.34843328026857884,-0.558819513442189,0.7869065437313132
1,0.6705228310702445,-0.0501575297533151,-0.17756556831094542,-0.4083560259972357,-0.06767094177728213,0.8376072796935268,-0.23324376771500663,0.34843328026857884,-0.5554734082283441,0.259942905520035
1,-0.3017178272017711,-0.32768489633137554,-0.6678044528808863,-0.18797168775818476,0.231077364686901,0.029309943654856434,-0.6197437642612563,0.34843328026857884,0.09097873469469747,0.28131571197742183
1,0.768476977952874,0.32866031273908464,2.167913296829554,-0.10986253301892084,0.9175443396334799,-2.370050613930915,-0.2601050043951692,0.34843328026857884,1.3249223390140659,-1.1549401227181004
1,0.4515948312037576,-0.0019007386996041894,1.0254139583422166,-0.3151977749466394,0.9282146981461673,-1.2158082563630876,0.22997674977615687,0.34843328026857884,1.1562709440403904,-1.4735229489187691
1,0.23127986996548142,-0.1907608253382008,0.8726481717298156,-0.6855990890136169,1.0169677412537343,0.03227138163674421,0.3954701368131136,0.34843328026857884,1.2726538679150408,-1.8904142033051583
1,0.29178605980979583,-0.19185849455340723,0.6957674413738771,-0.7082517313615148,1.1746326109269465,0.343029613416608,0.5940420804809224,0.34843328026857884,1.4738240210301627,-2.127540548792193
1,0.2286407906886043,-0.5225415092382303,0.7369874345836681,-1.2302499788744061,1.235047268086358,0.6069130132346394,0.5694544915497176,0.34843328026857884,1.5796301755507056,-2.147163345319786
1,0.768476977952874,0.9145310927517455,0.26673468871368633,0.9640741588677281,-0.3726345690859228,1.1346097196640303,0.7216480452940994,0.34843328026857884,-0.20313237530842604,1.0014772056787855
1,0.5068999159038617,0.812529164568291,-0.10417719294843926,0.624561016232409,-0.5396658838079502,0.7952534595620315,0.6322916766824124,0.34843328026857884,-0.23840109348194038,0.9342800651338399
1,0.07622914661085287,-0.2782897816470801,0.5683870000568841,-0.7308846242391877,0.8849899668188043,-0.07435790901288203,0.3067173914976103,0.34843328026857884,1.081175881626228,-1.8412518873144748
1,0.15954314568014943,-0.4104776132487154,0.6986031591235875,-0.8956939532655234,1.1635058827019038,0.37455403311729446,0.48190899282658084,0.34843328026857884,1.304749555282323,-2.0092366367790153
1,0.1160079692878695,-0.5181101779620261,0.7905711571821966,-1.1054135775831577,1.3085879874487496,0.8392019001453124,0.51217064074191,0.34843328026857884,1.5170541619538596,-2.1142210287709857
1,0.768476977952874,0.6572292978242507,-0.6462756837250847,0.7390881940662881,-0.6919847082792865,0.31390588604443387,0.7216480452940994,0.34843328026857884,-0.4242830072579435,0.40665207130106623
1,0.44701015333589816,0.561610112855145,-0.08160487966074415,0.6985425316946804,-0.21579551127316288,0.401907907021003,0.21440326873462448,0.34843328026857884,-0.18205575855915027,0.4295804421404918
1,0.6184347262185962,0.752848482793356,-0.0596223956649888,0.8211867417909708,-0.2202070851592638,0.8752298083746682,0.42009796729739757,0.34843328026857884,-0.18761337009249032,0.7963209490017771
1,0.768476977952874,0.9145310927517455,-0.12740739275406718,0.9640741588677281,-0.25930275718436496,1.1180852461911301,0.7216480452940994,0.34843328026857884,-0.25963155414909406,0.9938290141337615
1,0.5281666569379665,0.7011970480555803,-0.17252933358745967,0.8232801856348045,-0.13134538259637407,0.9125369176257866,0.5104804955125964,0.34843328026857884,-0.20288237894187441,0.8987937526685809
1,0.768476977952874,0.7127022476075602,-0.06043908237690541,0.662934236879284,-0.29037936140665216,1.1346097196640303,0.5218688550339239,0.34843328026857884,-0.21590142049229383,1.0014772056787855
1,0.04908708309902898,-0.19421645064533255,-0.6506086604466421,0.24590442361144624,-0.22424921689726757,0.11573486748130783,-0.49779173765566415,0.34843328026857884,-0.0547114555356977,0.2910379893651642
1,0.22937279807927083,-0.36199722291042524,0.7148915218779244,-0.8401189440528082,1.1969512630502255,0.19166333360864218,0.4538203887775118,0.34843328026857884,1.367537104266251,-1.8669024958224683
1,0.13877725180807968,-0.38811768479080383,0.7595143763873679,-1.0936823922695995,1.257170333190056,0.4550035110749664,0.5116475005518842,0.34843328026857884,1.4761316797983317,-2.0148593538682595
1,0.10107887118874714,-0.5099792948864218,0.8320180078119643,-1.274370295356711,1.372849189326584,0.9357903389391888,0.5314463446667012,0.34843328026857884,1.6147642802960769,-2.1258715578406306
1,-0.45089322807868015,-0.8540782666459916,2.167913296829554,-1.5556817492394104,-0.11802373337381321,0.059905628367140265,0.7216480452940994,0.34843328026857884,1.5533805570627846,-1.2494892703138942
1,-0.28224257793956087,-0.9949864703462125,1.0679950960718685,-1.6449098557152624,0.4725404063049661,-0.1929205680983991,0.7216480452940994,0.34843328026857884,0.469761690999884,-1.1590234792209522
1,0.6686350225364199,0.7843963091267001,-0.1006609029387983,0.7713983273541352,-0.3114810276303171,1.1346097196640303,0.482412012240067,0.34843328026857884,-0.25299703519060857,1.0014772056787855
1,0.36544911933372426,0.7199184063371591,0.08436400879430853,0.8240109160331236,-0.4290940220715886,1.0041136921426224,0.3720294321446572,0.34843328026857884,-0.26363149601392016,0.89229603061444
1,0.5509166761057908,0.6816219470510634,0.14067002043255902,0.7119524219773504,-0.2305080015238541,0.8141085321567726,0.20792437868892233,0.34843328026857884,-0.20124778731442144,0.9325300552040466
1,0.5748995498263165,0.6952005217873222,-0.01611114251343182,0.6941976482452141,-0.2443946799140929,0.7974088256671926,0.47170775912108065,0.34843328026857884,-0.2197282879495072,0.739802109787702
1,0.7411037542124183,0.9145310927517455,-0.084554026120443,0.9500520350080878,-0.2093846034091246,1.1190490277828689,0.671607674040493,0.34843328026857884,-0.19195946077254172,0.9669469171566543
1,0.768476977952874,0.9145310927517455,-0.07559315803135802,0.9531724513036132,-0.2278349789229161,1.1094462584688183,0.7216480452940994,0.34843328026857884,-0.18492110152962665,0.962085778462783
1,0.768476977952874,0.9145310927517455,-0.13110516869968958,0.9640741588677281,-0.2178165771421648,1.1346097196640303,0.7216480452940994,0.34843328026857884,-0.23384346741480685,0.9833451583506465
1,0.13515574155951834,-0.31296799796453184,0.7324502861841314,-0.9630001477917969,1.2124895651613692,0.3322002129857995,0.4886494529672957,0.34843328026857884,1.4319592448776322,-1.9684354793417902
1,0.0775197912207126,-0.49942947409582533,0.8472855121764055,-1.414729780244688,1.3937987323127972,0.92245510636986,0.5233980340509221,0.34843328026857884,1.600206799566878,-2.100836693567194
1,-0.8502225230397248,-0.8332022243493779,0.14983506019962317,-1.5071967998374145,0.3850695447702067,-0.2419682894670603,-0.6306894666987158,0.34843328026857884,1.2028471901779323,-0.9952679204200796
1,-0.29715241268629733,-1.0100692584514581,0.8888231057741639,-1.6433891465079495,1.3737836606423588,-0.2576341211582297,0.03442292258926528,0.34843328026857884,1.4070942216506128,-1.3809992757787548
1,-1.076990707327299,-1.332784007722189,0.02921496999793987,-1.3727029076062167,0.29559934925750986,-0.91200677534541,-0.8987585725337768,0.34843328026857884,0.7101812736636116,-0.7858824730794032
1,0.768476977952874,0.893837995324333,-0.09895947228897203,0.8598167055507687,-0.2518487185492289,1.1028925436449961,0.6814467337682832,0.34843328026857884,-0.2309781244443305,0.9031039623104797
1,0.3921095990358991,0.6607255775467602,-0.272437341345258,0.7037958907744892,-0.24682865171332097,0.609927021121531,0.36458474482506154,0.34843328026857884,-0.2528816522522001,0.5931091478023169
1,0.178767971361342,0.26802425220276627,-0.41299819876290506,0.0895083689008945,-0.30450509059860087,-0.052909387771281007,-0.5792406410873483,0.34843328026857884,-0.29826560802618807,0.0660482868171613
1,0.5052432675986687,0.6263116149292656,-0.0758880726773279,0.5688477607281199,-0.24624189065457852,0.544039406849946,0.23967496406817074,0.34843328026857884,-0.22215132965608456,0.7223992332636434
1,0.71846931515891,-0.11016344685127409,-0.13164962650763398,0.48382629141016,-0.10339817068738014,0.35180878755226325,0.050962200904691245,0.34843328026857884,0.7346232261164669,0.6251602555905741
1,0.2626020809450596,0.596389965211042,0.08758538415797956,0.77528897298843,-0.5714379085443027,0.9008488754132475,0.38981619860552885,0.34843328026857884,-0.33659197406752617,1.0014772056787855
1,0.6756854095096827,0.7811439558964584,-0.09115557704176891,0.8572295249513139,-0.3110246579179618,1.0306264475662683,0.6233178103458187,0.34843328026857884,-0.266458378004927,0.9556690753868731
1,0.6376210251950171,0.8164929700676481,-0.10143221816671955,0.8768604983548102,-0.3219775310144882,1.0024665017858325,0.6150280504115665,0.34843328026857884,-0.2955156479941201,0.9178170087572634
1,0.7323004021720327,0.8269411548197994,-0.1382511774289599,0.6825652102827803,-0.295073449876592,1.064902025628827,0.532673712035607,0.34843328026857884,-0.29965020328708936,0.8618166910038676
1,0.2606564823540773,0.668023045107115,0.20634524351585282,0.7454080245382386,-0.38552158048719287,0.7096170843106392,0.41400137200594495,0.34843328026857884,-0.07069199250526717,0.7707999708589535
