{
  "file_name": "preprocessed_processed_cleveland_heart_disease",
  "fraction_of_numerical_attributes": 0.5,
  "Columns_Outliers": [
    {
      "column_name": "thalach",
      "list_of_outliers": [
        -3.4420671632961315
      ],
      "count_of_outliers": 1
    },
    {
      "column_name": "chol",
      "list_of_outliers": [
        3.2946855640924104,
        3.101229810372665,
        6.1384851437726615,
        2.8497373305369975,
        3.1399209611166143
      ],
      "count_of_outliers": 5
    },
    {
      "column_name": "age",
      "list_of_outliers": [],
      "count_of_outliers": 0
    },
    {
      "column_name": "oldpeak",
      "list_of_outliers": [
        4.451850726692426,
        2.5539205051439664,
        3.934233393542845,
        2.5539205051439664,
        2.7264596161938264,
        2.7264596161938264,
        2.8989987272436863,
        2.5539205051439664
      ],
      "count_of_outliers": 8
    },
    {
      "column_name": "trestbps",
      "list_of_outliers": [
        2.2941757620901884,
        2.7494796795051726,
        3.8877394730426333,
        2.4080017414439348,
        2.635653700151426,
        3.4324355556276487,
        2.7494796795051726,
        2.635653700151426,
        2.7494796795051726
      ],
      "count_of_outliers": 9
    }
  ],
  "Size": 303,
  "Average_of_count_of_outliers": 4.6,
  "Normalised_Average_count_of_outliers": 0.01518151815181518,
  "Avg_correlation": 0.1849230647822116
}