{
  "file_name": "preprocessed_wine",
  "fraction_of_numerical_attributes": 1.0,
  "Columns_Outliers": [
    {
      "column_name": "proline",
      "list_of_outliers": [],
      "count_of_outliers": 0
    },
    {
      "column_name": "alcohol",
      "list_of_outliers": [],
      "count_of_outliers": 0
    },
    {
      "column_name": "flavanoids",
      "list_of_outliers": [],
      "count_of_outliers": 0
    },
    {
      "column_name": "color-intensity",
      "list_of_outliers": [
        2.4837779619018776,
        3.4354319244178964,
        2.8947194457156127,
        2.4318695639464587
      ],
      "count_of_outliers": 4
    },
    {
      "column_name": "hue",
      "list_of_outliers": [
        3.301694215302033
      ],
      "count_of_outliers": 1
    },
    {
      "column_name": "od280-od315",
      "list_of_outliers": [],
      "count_of_outliers": 0
    },
    {
      "column_name": "malic-acid",
      "list_of_outliers": [
        3.109192467158904,
        2.848870154936072,
        2.9745429953195086
      ],
      "count_of_outliers": 3
    },
    {
      "column_name": "total-phenols",
      "list_of_outliers": [],
      "count_of_outliers": 0
    },
    {
      "column_name": "magnesium",
      "list_of_outliers": [
        3.599025392645524,
        2.756465305108168,
        2.5458252832238286,
        4.371372139554768
      ],
      "count_of_outliers": 4
    },
    {
      "column_name": "ash-alcalinity",
      "list_of_outliers": [
        -2.6710181364687173,
        3.1545107139410438,
        2.7040832255072997,
        2.7040832255072997
      ],
      "count_of_outliers": 4
    }
  ],
  "Size": 178,
  "Average_of_count_of_outliers": 1.6,
  "Normalised_Average_count_of_outliers": 0.008988764044943821,
  "Avg_correlation": 0.3292524572559604
}