File Name,Size,Average Correlation,Normalised Outliers,Fraction of Numeric attributes,Target
preprocessed_credit_screening,690,0.18843274773598293,0.09855072463768116,0.6666666666666666,1
preprocessed_breast-cancer-wisconsin,699,0.6006207595997329,0.052614846606262915,1.0,1
preprocessed_bank-full,45211,0.043421882990799146,0.051000862621928295,0.8333333333333334,1
preprocessed_avila,10430,0.1805310988915993,0.08594439117929051,1.0,4
preprocessed_diabetes_old_people,2818,0.24450959901029462,0.005475007604177228,0.875,3
preprocessed_processed_cleveland_heart_disease,303,0.1849230647822116,0.01518151815181518,0.5,2
preprocessed_adult,32561,0.06711597348557183,0.08645926107920518,0.8333333333333334,6
preprocessed_wine,178,0.3292524572559604,0.008988764044943821,1.0,1
preprocessed_winequality-white,4898,0.18691067131074884,0.01935483870967742,1.0,1
preprocessed_iris,150,0.5898157206151019,0.006666666666666667,1.0,4
preprocessed_diabetic_retinopathy,1151,0.4337694851826513,0.02519548218940052,1.0,1
preprocessed_car,1728,,,0.0,5
preprocessed_glass,214,0.227698429382372,0.0711318795430945,1.0,2
preprocessed_ecoli,336,0.29445651422647817,0.013095238095238096,0.7142857142857143,1
preprocessed_forest_type_mapping,198,0.4587936554422433,0.0398989898989899,1.0,5
