{
  "file_name": "credit_screening",
  "fraction_of_numerical_attributes": 0.26666666666666666,
  "Columns_Outliers": [
    {
      "column_name": "a3",
      "list_of_outliers": [
        18.5,
        28.0,
        25.125,
        19.0,
        19.5,
        21.0,
        25.085,
        21.5,
        26.335,
        22.0,
        18.125,
        19.0,
        19.5,
        25.21,
        22.29,
        17.75,
        20.0
      ],
      "count_of_outliers": 17
    },
    {
      "column_name": "a8",
      "list_of_outliers": [
        6.5,
        7.875,
        15.0,
        7.0,
        7.96,
        7.585,
        14.415,
        8.625,
        28.5,
        7.415,
        12.5,
        13.5,
        10.75,
        8.5,
        9.46,
        10.0,
        11.5,
        14.0,
        7.375,
        8.5,
        7.5,
        13.0,
        6.5,
        8.0,
        11.0,
        9.0,
        15.0,
        8.0,
        8.5,
        15.0,
        12.5,
        8.5,
        15.5,
        14.0,
        6.5,
        10.0,
        18.0,
        7.0,
        8.665,
        20.0,
        13.875,
        10.0,
        11.0,
        14.0,
        20.0,
        6.5,
        10.0,
        13.875,
        7.0,
        7.0,
        10.0,
        6.5,
        7.0,
        6.5,
        6.75,
        7.5,
        16.0,
        12.75,
        7.5,
        12.75,
        17.5,
        8.5,
        8.29
      ],
      "count_of_outliers": 63
    },
    {
      "column_name": "a11",
      "list_of_outliers": [
        10,
        10,
        17,
        9,
        17,
        8,
        15,
        11,
        12,
        11,
        12,
        11,
        40,
        11,
        23,
        11,
        9,
        11,
        20,
        15,
        67,
        12,
        12,
        12,
        9,
        15,
        8,
        9,
        14,
        14,
        11,
        14,
        12,
        11,
        11,
        14,
        14,
        20,
        9,
        8,
        12,
        9,
        8,
        16,
        14,
        15,
        9,
        8,
        13,
        11,
        11,
        11,
        11,
        11,
        10,
        10,
        14,
        10,
        16,
        19,
        10,
        10,
        11,
        9,
        14,
        16,
        11,
        8,
        8,
        11,
        11,
        10,
        8,
        9,
        9,
        8,
        8,
        11,
        12
      ],
      "count_of_outliers": 79
    },
    {
      "column_name": "a15",
      "list_of_outliers": [
        31285,
        1349,
        1442,
        2690,
        1208,
        1260,
        10000,
        5000,
        4000,
        2283,
        1236,
        5800,
        50000,
        15108,
        2954,
        11202,
        1332,
        1000,
        2510,
        51100,
        1000,
        1000,
        5000,
        2072,
        2300,
        3065,
        2200,
        1602,
        2184,
        3376,
        2000,
        7544,
        10561,
        11177,
        2028,
        1065,
        15000,
        3000,
        3257,
        1655,
        3065,
        1430,
        1187,
        6590,
        1270,
        1210,
        1000,
        8851,
        7059,
        1704,
        6700,
        2503,
        9800,
        26726,
        18027,
        2000,
        1200,
        3000,
        2010,
        1000,
        5552,
        2803,
        100000,
        2732,
        1062,
        4000,
        1210,
        4000,
        4208,
        1300,
        1000,
        1110,
        1004,
        4500,
        1212,
        1058,
        5200,
        3552,
        1950,
        1000,
        2100,
        2000,
        4607,
        2206,
        5860,
        1391,
        2279,
        5000,
        1000,
        990,
        2197,
        4071,
        1249,
        1344,
        2079,
        3000,
        2384,
        5298,
        1583,
        1400,
        1465,
        8000,
        4700,
        1097,
        3290,
        13212,
        1000,
        5777,
        5124,
        1200,
        4159,
        3000,
        1000
      ],
      "count_of_outliers": 113
    }
  ],
  "Size": 690,
  "Average_of_count_of_outliers": 68.0,
  "Normalised_Average_count_of_outliers": 0.09855072463768116,
  "Avg_correlation": 0.18843274773598304
}