{
  "file_name": "diabetes_old_people",
  "fraction_of_numerical_attributes": 0.875,
  "Columns_Outliers": [
    {
      "column_name": "time",
      "list_of_outliers": [],
      "count_of_outliers": 0
    },
    {
      "column_name": "acc_frontal",
      "list_of_outliers": [],
      "count_of_outliers": 0
    },
    {
      "column_name": "acc_vertical",
      "list_of_outliers": [],
      "count_of_outliers": 0
    },
    {
      "column_name": "acc_lateral",
      "list_of_outliers": [],
      "count_of_outliers": 0
    },
    {
      "column_name": "rssi",
      "list_of_outliers": [
        -67.5,
        -67.5,
        -67.5,
        -67.5,
        -67.5,
        -67.5,
        -67.5,
        -67.5,
        -67.5,
        -67.5,
        -67.5,
        -67.5,
        -67.5,
        -67.5,
        -67.5,
        -67.5,
        -67.5,
        -67.5,
        -67.5,
        -67.5,
        -67.5,
        -67.5,
        -67.5,
        -67.5,
        -67.0,
        -67.0,
        -67.0,
        -67.0,
        -67.0,
        -67.0,
        -68.5,
        -68.5,
        -68.5,
        -68.5,
        -68.5,
        -68.5,
        -67.5,
        -67.5,
        -67.5,
        -67.5,
        -67.5,
        -67.5,
        -67.0,
        -67.0,
        -67.0,
        -67.0,
        -67.0,
        -67.0,
        -67.5,
        -67.5,
        -67.5,
        -67.5,
        -67.5,
        -67.5,
        -67.5,
        -67.5,
        -67.5,
        -67.5,
        -67.5,
        -67.5,
        -67.0,
        -67.0,
        -67.0,
        -67.0,
        -67.0,
        -67.0,
        -67.0,
        -67.0,
        -67.0,
        -67.0,
        -67.0,
        -67.0,
        -67.5,
        -67.5,
        -67.5,
        -67.5,
        -67.5,
        -67.5,
        -67.5,
        -67.5,
        -67.5,
        -67.5,
        -67.5,
        -67.5,
        -48.0,
        -48.0,
        -48.0,
        -48.0,
        -48.0,
        -48.0,
        -47.5,
        -47.5,
        -47.5,
        -47.5,
        -47.5,
        -47.5,
        -47.5,
        -47.5,
        -47.5,
        -47.5,
        -47.5,
        -47.5,
        -50.0,
        -50.0,
        -50.0,
        -50.0,
        -50.0,
        -50.0
      ],
      "count_of_outliers": 108
    },
    {
      "column_name": "phase",
      "list_of_outliers": [],
      "count_of_outliers": 0
    },
    {
      "column_name": "frequency",
      "list_of_outliers": [],
      "count_of_outliers": 0
    }
  ],
  "Size": 2818,
  "Average_of_count_of_outliers": 15.428571428571429,
  "Normalised_Average_count_of_outliers": 0.005475007604177228,
  "Avg_correlation": 0.24450959901029495
}