{
  "file_name": "glass",
  "fraction_of_numerical_attributes": 1.0,
  "Columns_Outliers": [
    {
      "column_name": "ri",
      "list_of_outliers": [
        1.52667,
        1.5232,
        1.51215,
        1.52725,
        1.5241,
        1.52475,
        1.53125,
        1.53393,
        1.52664,
        1.52739,
        1.52777,
        1.52614,
        1.52369,
        1.51115,
        1.51131,
        1.52315,
        1.52365
      ],
      "count_of_outliers": 17
    },
    {
      "column_name": "na",
      "list_of_outliers": [
        11.45,
        10.73,
        11.23,
        11.02,
        11.03,
        17.38,
        15.79
      ],
      "count_of_outliers": 7
    },
    {
      "column_name": "mg",
      "list_of_outliers": [],
      "count_of_outliers": 0
    },
    {
      "column_name": "al",
      "list_of_outliers": [
        0.29,
        0.47,
        0.47,
        0.51,
        3.5,
        3.04,
        3.02,
        0.34,
        2.38,
        2.79,
        2.68,
        2.54,
        2.34,
        2.66,
        2.51,
        2.42,
        2.74,
        2.88
      ],
      "count_of_outliers": 18
    },
    {
      "column_name": "si",
      "list_of_outliers": [
        70.57,
        69.81,
        70.16,
        74.45,
        69.89,
        70.48,
        70.7,
        74.55,
        75.41,
        70.26,
        70.43,
        75.18
      ],
      "count_of_outliers": 12
    },
    {
      "column_name": "k",
      "list_of_outliers": [
        1.68,
        6.21,
        6.21,
        1.76,
        1.46,
        2.7,
        1.41
      ],
      "count_of_outliers": 7
    },
    {
      "column_name": "ca",
      "list_of_outliers": [
        11.64,
        10.79,
        13.24,
        13.3,
        16.19,
        11.52,
        10.99,
        14.68,
        14.96,
        14.4,
        11.14,
        13.44,
        5.87,
        11.41,
        11.62,
        11.53,
        11.32,
        12.24,
        12.5,
        11.27,
        10.88,
        11.22,
        6.65,
        5.43,
        5.79,
        6.47
      ],
      "count_of_outliers": 26
    },
    {
      "column_name": "ba",
      "list_of_outliers": [
        0.09,
        0.11,
        0.69,
        0.14,
        0.11,
        3.15,
        0.27,
        0.09,
        0.06,
        0.15,
        2.2,
        0.24,
        1.19,
        1.63,
        1.68,
        0.76,
        0.64,
        0.4,
        1.59,
        1.57,
        0.61,
        0.81,
        0.66,
        0.64,
        0.53,
        0.63,
        0.56,
        1.71,
        0.67,
        1.55,
        1.38,
        2.88,
        0.54,
        1.06,
        1.59,
        1.64,
        1.57,
        1.67
      ],
      "count_of_outliers": 38
    },
    {
      "column_name": "fe",
      "list_of_outliers": [
        0.26,
        0.3,
        0.31,
        0.32,
        0.34,
        0.28,
        0.29,
        0.28,
        0.35,
        0.37,
        0.51,
        0.28
      ],
      "count_of_outliers": 12
    }
  ],
  "Size": 214,
  "Average_of_count_of_outliers": 15.222222222222221,
  "Normalised_Average_count_of_outliers": 0.0711318795430945,
  "Avg_correlation": 0.227698429382372
}