{
  "file_name": "processed_cleveland_heart_disease",
  "fraction_of_numerical_attributes": 0.38461538461538464,
  "Columns_Outliers": [
    {
      "column_name": "age",
      "list_of_outliers": [],
      "count_of_outliers": 0
    },
    {
      "column_name": "trestbps",
      "list_of_outliers": [
        172.0,
        180.0,
        200.0,
        174.0,
        178.0,
        192.0,
        180.0,
        178.0,
        180.0
      ],
      "count_of_outliers": 9
    },
    {
      "column_name": "chol",
      "list_of_outliers": [
        417.0,
        407.0,
        564.0,
        394.0,
        409.0
      ],
      "count_of_outliers": 5
    },
    {
      "column_name": "thalach",
      "list_of_outliers": [
        71.0
      ],
      "count_of_outliers": 1
    },
    {
      "column_name": "oldpeak",
      "list_of_outliers": [
        6.2,
        5.6,
        4.2,
        4.2,
        4.4
      ],
      "count_of_outliers": 5
    }
  ],
  "Size": 303,
  "Average_of_count_of_outliers": 4.0,
  "Normalised_Average_count_of_outliers": 0.013201320132013201,
  "Avg_correlation": 0.1849230647822117
}