{
  "file_name": "winequality-white",
  "fraction_of_numerical_attributes": 1.0,
  "Columns_Outliers": [
    {
      "column_name": "fixed acidity",
      "list_of_outliers": [
        9.8,
        9.8,
        10.2,
        9.1,
        10.0,
        9.2,
        9.2,
        9.0,
        9.1,
        9.2,
        10.3,
        9.4,
        9.2,
        9.8,
        9.6,
        9.2,
        9.0,
        9.3,
        9.2,
        9.1,
        8.9,
        9.8,
        8.9,
        9.2,
        9.7,
        9.4,
        10.3,
        9.6,
        9.0,
        9.7,
        9.2,
        9.4,
        9.6,
        9.2,
        9.0,
        9.2,
        10.7,
        10.7,
        9.0,
        9.2,
        9.8,
        9.2,
        14.2,
        8.9,
        8.9,
        9.1,
        9.1,
        9.8,
        9.0,
        9.3,
        8.9,
        9.0,
        9.0,
        8.9,
        9.0,
        9.3,
        9.2,
        9.6,
        9.4,
        9.4,
        10.0,
        8.9,
        8.9,
        10.0,
        9.2,
        9.2,
        9.2,
        9.9,
        9.5,
        9.0,
        9.0,
        8.9,
        9.5,
        11.8,
        9.4,
        9.1,
        9.8,
        9.9,
        9.2,
        8.9,
        9.2,
        9.4,
        9.4,
        9.4,
        4.6,
        8.9,
        9.4,
        9.2,
        9.2,
        9.8,
        9.0,
        9.0,
        9.0,
        8.9,
        8.9,
        4.5,
        9.2,
        9.6,
        4.2,
        9.7,
        9.7,
        9.0,
        4.2,
        9.4,
        8.9,
        8.9,
        8.9,
        4.7,
        4.7,
        3.8,
        4.4,
        4.7,
        9.0,
        9.0,
        4.7,
        4.4,
        3.9,
        4.7,
        4.4
      ],
      "count_of_outliers": 119
    },
    {
      "column_name": "volatile acidity",
      "list_of_outliers": [
        0.66,
        0.66,
        0.67,
        0.54,
        0.595,
        0.67,
        0.53,
        0.54,
        0.57,
        0.685,
        0.495,
        0.64,
        0.52,
        0.58,
        0.585,
        0.59,
        0.6,
        0.58,
        0.59,
        0.55,
        0.905,
        0.55,
        0.49,
        0.55,
        0.52,
        0.6,
        0.55,
        0.51,
        0.62,
        0.51,
        0.56,
        0.57,
        0.67,
        0.5,
        0.56,
        0.56,
        0.655,
        0.595,
        0.705,
        0.52,
        0.55,
        0.6,
        0.64,
        0.68,
        0.49,
        0.51,
        0.55,
        0.52,
        0.5,
        0.55,
        0.6,
        0.61,
        0.61,
        0.61,
        0.66,
        0.57,
        0.5,
        0.5,
        0.59,
        0.58,
        0.54,
        0.58,
        0.57,
        0.64,
        0.56,
        0.49,
        0.49,
        0.67,
        0.55,
        0.56,
        0.52,
        0.52,
        0.85,
        0.51,
        0.62,
        0.51,
        0.53,
        0.64,
        0.55,
        0.49,
        0.49,
        0.61,
        0.545,
        0.62,
        0.49,
        0.5,
        0.49,
        0.49,
        0.55,
        0.49,
        0.91,
        0.53,
        0.49,
        0.71,
        1.005,
        0.49,
        0.55,
        0.55,
        0.76,
        0.5,
        0.93,
        0.49,
        0.495,
        0.695,
        0.705,
        0.815,
        0.56,
        0.56,
        0.56,
        0.51,
        0.54,
        0.54,
        0.5,
        0.615,
        0.5,
        0.52,
        0.6,
        0.68,
        0.655,
        0.51,
        0.51,
        0.615,
        0.615,
        0.965,
        0.74,
        0.53,
        0.78,
        0.68,
        0.64,
        0.54,
        0.75,
        0.64,
        0.64,
        0.655,
        0.58,
        0.52,
        0.53,
        0.6,
        0.53,
        0.58,
        0.67,
        0.61,
        0.73,
        0.65,
        0.58,
        1.1,
        0.5,
        0.5,
        0.5,
        0.65,
        0.52,
        0.55,
        0.585,
        0.56,
        0.555,
        0.555,
        0.54,
        0.61,
        0.55,
        0.53,
        0.66,
        0.615,
        0.5,
        0.62,
        0.5,
        0.49,
        0.51,
        0.51,
        0.54,
        0.61,
        0.695,
        0.695,
        0.63,
        0.63,
        0.69,
        0.69,
        0.59,
        0.62,
        0.785,
        0.76,
        0.5,
        0.54,
        0.52,
        0.6,
        0.54,
        0.53
      ],
      "count_of_outliers": 186
    },
    {
      "column_name": "citric acid",
      "list_of_outliers": [
        0.62,
        0.04,
        0.59,
        0.07,
        0.03,
        0.61,
        0.62,
        0.63,
        0.61,
        0.62,
        0.63,
        0.66,
        0.66,
        0.0,
        0.04,
        0.67,
        0.67,
        0.04,
        0.04,
        0.07,
        0.88,
        0.08,
        0.59,
        0.07,
        0.07,
        0.07,
        0.07,
        0.58,
        0.7,
        0.0,
        0.0,
        0.6,
        0.07,
        0.09,
        0.04,
        0.62,
        0.58,
        0.62,
        0.7,
        0.62,
        0.62,
        0.58,
        0.02,
        0.65,
        0.65,
        0.71,
        0.66,
        0.66,
        0.07,
        0.06,
        0.07,
        0.06,
        0.68,
        0.68,
        0.68,
        0.68,
        0.06,
        0.72,
        0.69,
        0.58,
        0.7,
        1.66,
        0.04,
        0.63,
        0.6,
        0.0,
        0.08,
        0.58,
        0.58,
        0.05,
        0.58,
        0.0,
        0.0,
        0.65,
        0.58,
        0.0,
        0.05,
        0.05,
        0.62,
        0.62,
        0.58,
        0.58,
        1.0,
        0.09,
        0.01,
        0.71,
        0.71,
        0.6,
        0.06,
        0.74,
        0.81,
        0.69,
        0.58,
        0.69,
        0.0,
        0.07,
        0.64,
        0.72,
        0.73,
        0.65,
        0.68,
        0.65,
        0.74,
        0.71,
        0.59,
        0.68,
        0.08,
        0.72,
        0.64,
        0.02,
        0.74,
        0.74,
        0.74,
        0.74,
        0.74,
        0.74,
        0.74,
        0.74,
        0.74,
        0.74,
        0.74,
        0.74,
        0.74,
        0.74,
        0.74,
        0.74,
        0.74,
        0.74,
        0.74,
        0.74,
        0.74,
        0.99,
        0.74,
        0.74,
        0.74,
        0.74,
        0.74,
        0.74,
        0.74,
        0.74,
        0.74,
        0.74,
        0.74,
        0.74,
        0.74,
        0.74,
        0.01,
        0.74,
        0.01,
        0.74,
        0.74,
        1.0,
        0.04,
        0.58,
        0.07,
        1.0,
        0.0,
        0.58,
        0.61,
        0.61,
        0.61,
        0.02,
        0.67,
        0.67,
        0.67,
        0.58,
        0.65,
        0.58,
        0.09,
        0.08,
        0.71,
        0.04,
        0.03,
        0.05,
        0.64,
        0.64,
        0.58,
        0.58,
        0.81,
        0.58,
        0.61,
        0.62,
        0.59,
        0.0,
        0.04,
        0.63,
        0.73,
        0.68,
        0.09,
        0.78,
        0.79,
        0.09,
        0.64,
        0.65,
        0.65,
        0.0,
        0.73,
        0.73,
        0.64,
        0.6,
        0.71,
        0.72,
        0.82,
        0.07,
        0.58,
        0.58,
        1.0,
        0.66,
        0.8,
        0.8,
        1.23,
        0.59,
        0.02,
        0.0,
        1.0,
        0.62,
        0.0,
        0.71,
        0.71,
        0.71,
        0.61,
        0.61,
        0.0,
        0.6,
        0.58,
        0.09,
        0.09,
        0.72,
        0.62,
        0.62,
        0.79,
        0.82,
        0.67,
        0.01,
        0.01,
        0.86,
        0.61,
        0.02,
        0.05,
        0.0,
        0.69,
        0.69,
        0.59,
        0.01,
        0.66,
        0.66,
        0.78,
        0.0,
        0.04,
        0.91,
        0.91,
        0.06,
        0.06,
        0.04,
        0.04,
        0.74,
        0.09,
        0.09,
        0.6,
        0.62,
        0.73,
        0.0,
        0.09,
        0.0,
        0.09,
        0.67,
        0.01,
        0.09,
        0.0,
        0.02
      ],
      "count_of_outliers": 270
    },
    {
      "column_name": "residual sugar",
      "list_of_outliers": [
        23.5,
        31.6,
        31.6,
        65.8,
        26.05,
        26.05,
        22.6
      ],
      "count_of_outliers": 7
    },
    {
      "column_name": "chlorides",
      "list_of_outliers": [
        0.07400000000000001,
        0.08,
        0.172,
        0.17300000000000001,
        0.147,
        0.092,
        0.08199999999999999,
        0.092,
        0.2,
        0.19699999999999998,
        0.19699999999999998,
        0.07400000000000001,
        0.132,
        0.08900000000000001,
        0.10800000000000001,
        0.081,
        0.073,
        0.34600000000000003,
        0.09,
        0.114,
        0.18600000000000003,
        0.18,
        0.084,
        0.083,
        0.096,
        0.094,
        0.24,
        0.29,
        0.185,
        0.11,
        0.078,
        0.13,
        0.135,
        0.115,
        0.07200000000000001,
        0.17,
        0.08,
        0.11900000000000001,
        0.126,
        0.15,
        0.152,
        0.08800000000000001,
        0.244,
        0.13699999999999998,
        0.09300000000000001,
        0.077,
        0.079,
        0.073,
        0.07200000000000001,
        0.076,
        0.201,
        0.201,
        0.07400000000000001,
        0.07400000000000001,
        0.301,
        0.138,
        0.16899999999999998,
        0.083,
        0.09300000000000001,
        0.168,
        0.122,
        0.172,
        0.16699999999999998,
        0.239,
        0.076,
        0.138,
        0.13699999999999998,
        0.12300000000000001,
        0.12300000000000001,
        0.133,
        0.073,
        0.073,
        0.21100000000000002,
        0.12300000000000001,
        0.12300000000000001,
        0.255,
        0.204,
        0.20800000000000002,
        0.083,
        0.08,
        0.076,
        0.086,
        0.084,
        0.084,
        0.168,
        0.16,
        0.179,
        0.076,
        0.076,
        0.087,
        0.217,
        0.094,
        0.157,
        0.157,
        0.14800000000000002,
        0.158,
        0.157,
        0.168,
        0.157,
        0.092,
        0.099,
        0.084,
        0.085,
        0.091,
        0.09300000000000001,
        0.08,
        0.095,
        0.096,
        0.096,
        0.147,
        0.142,
        0.079,
        0.07400000000000001,
        0.075,
        0.07400000000000001,
        0.121,
        0.121,
        0.079,
        0.079,
        0.013999999999999999,
        0.156,
        0.012,
        0.11900000000000001,
        0.11900000000000001,
        0.081,
        0.17,
        0.171,
        0.08199999999999999,
        0.07400000000000001,
        0.083,
        0.083,
        0.152,
        0.16899999999999998,
        0.073,
        0.013999999999999999,
        0.078,
        0.11199999999999999,
        0.154,
        0.126,
        0.126,
        0.10400000000000001,
        0.142,
        0.102,
        0.184,
        0.184,
        0.096,
        0.076,
        0.146,
        0.11699999999999999,
        0.11699999999999999,
        0.11800000000000001,
        0.013999999999999999,
        0.085,
        0.087,
        0.085,
        0.087,
        0.076,
        0.08800000000000001,
        0.16,
        0.16699999999999998,
        0.015,
        0.015,
        0.013999999999999999,
        0.009000000000000001,
        0.098,
        0.098,
        0.086,
        0.086,
        0.19399999999999998,
        0.094,
        0.013000000000000001,
        0.14400000000000002,
        0.149,
        0.185,
        0.084,
        0.175,
        0.09,
        0.098,
        0.11,
        0.11,
        0.095,
        0.174,
        0.09699999999999999,
        0.142,
        0.145,
        0.20800000000000002,
        0.209,
        0.105,
        0.086,
        0.17600000000000002,
        0.17600000000000002,
        0.10800000000000001,
        0.015,
        0.096,
        0.271,
        0.12,
        0.212,
        0.094,
        0.094,
        0.11699999999999999,
        0.17300000000000001,
        0.07400000000000001,
        0.076,
        0.076,
        0.175,
        0.174,
        0.075,
        0.127,
        0.127,
        0.096,
        0.136,
        0.015
      ],
      "count_of_outliers": 212
    },
    {
      "column_name": "free sulfur dioxide",
      "list_of_outliers": [
        81.0,
        82.0,
        131.0,
        82.5,
        87.0,
        87.0,
        83.0,
        122.5,
        83.0,
        81.0,
        88.0,
        82.0,
        118.5,
        81.0,
        96.0,
        83.0,
        83.0,
        146.5,
        128.0,
        110.0,
        85.0,
        89.0,
        86.0,
        86.0,
        96.0,
        96.0,
        93.0,
        85.0,
        81.0,
        138.5,
        95.0,
        124.0,
        87.0,
        87.0,
        105.0,
        105.0,
        101.0,
        101.0,
        108.0,
        108.0,
        98.0,
        98.0,
        112.0,
        108.0,
        98.0,
        81.0,
        81.0,
        81.0,
        289.0,
        97.0
      ],
      "count_of_outliers": 50
    },
    {
      "column_name": "total sulfur dioxide",
      "list_of_outliers": [
        272.0,
        313.0,
        260.0,
        19.0,
        366.5,
        307.5,
        256.0,
        256.0,
        344.0,
        282.0,
        303.0,
        272.0,
        18.0,
        18.0,
        294.0,
        9.0,
        10.0,
        259.0,
        440.0
      ],
      "count_of_outliers": 19
    },
    {
      "column_name": "density",
      "list_of_outliers": [
        1.0103,
        1.0103,
        1.03898,
        1.00295,
        1.00295
      ],
      "count_of_outliers": 5
    },
    {
      "column_name": "pH",
      "list_of_outliers": [
        3.69,
        3.63,
        3.72,
        3.61,
        3.64,
        3.64,
        3.72,
        3.72,
        3.58,
        3.58,
        3.66,
        3.59,
        2.74,
        3.82,
        3.81,
        3.65,
        3.65,
        3.59,
        3.77,
        3.62,
        3.63,
        3.58,
        3.58,
        3.65,
        3.74,
        2.8,
        3.6,
        3.6,
        2.72,
        3.6,
        2.79,
        2.79,
        3.57,
        3.8,
        3.6,
        3.6,
        3.68,
        3.63,
        3.63,
        2.77,
        3.63,
        3.6,
        3.6,
        3.61,
        3.61,
        3.59,
        3.79,
        3.59,
        3.68,
        3.59,
        3.66,
        3.7,
        3.74,
        3.8,
        3.57,
        3.57,
        3.57,
        3.65,
        3.58,
        2.8,
        3.77,
        3.76,
        3.69,
        3.66,
        3.59,
        2.79,
        3.75,
        3.63,
        3.75,
        3.76,
        3.66,
        3.66,
        2.8,
        3.67,
        3.57
      ],
      "count_of_outliers": 75
    },
    {
      "column_name": "sulphates",
      "list_of_outliers": [
        0.77,
        0.84,
        0.77,
        0.79,
        0.85,
        0.78,
        0.79,
        0.79,
        0.79,
        0.77,
        0.78,
        0.85,
        0.96,
        0.97,
        0.82,
        0.82,
        0.77,
        0.95,
        0.95,
        0.77,
        0.95,
        0.82,
        0.82,
        0.9,
        0.88,
        0.88,
        0.79,
        0.8,
        0.8,
        0.78,
        0.78,
        0.87,
        0.86,
        0.9,
        0.9,
        0.78,
        0.79,
        0.81,
        0.81,
        0.77,
        0.82,
        0.79,
        0.79,
        0.77,
        0.82,
        0.92,
        0.79,
        0.79,
        0.82,
        0.82,
        0.82,
        0.82,
        0.82,
        0.79,
        0.78,
        0.79,
        0.77,
        0.77,
        0.77,
        0.98,
        1.06,
        0.88,
        0.88,
        0.88,
        0.8,
        0.78,
        1.0,
        0.8,
        0.9,
        0.9,
        0.89,
        0.94,
        0.99,
        0.86,
        0.84,
        0.95,
        0.84,
        0.84,
        0.81,
        0.8,
        0.87,
        0.82,
        0.78,
        0.78,
        0.78,
        0.78,
        0.78,
        0.77,
        0.85,
        0.78,
        0.78,
        0.88,
        0.88,
        0.78,
        0.78,
        0.78,
        0.78,
        0.79,
        0.77,
        0.77,
        0.83,
        0.83,
        0.81,
        0.81,
        0.98,
        0.98,
        0.98,
        0.98,
        0.79,
        0.79,
        0.78,
        0.82,
        0.98,
        0.77,
        0.96,
        1.01,
        0.77,
        0.96,
        0.77,
        0.92,
        0.94,
        0.95,
        1.08,
        0.79
      ],
      "count_of_outliers": 124
    },
    {
      "column_name": "alcohol",
      "list_of_outliers": [],
      "count_of_outliers": 0
    }
  ],
  "Size": 4898,
  "Average_of_count_of_outliers": 97.0,
  "Normalised_Average_count_of_outliers": 0.01980400163331972,
  "Avg_correlation": 0.1782662467296113
}